Id,R,Nome,Squadra,Qt.A,Rating,Mate,Regularness,FVM,Pg21_22,Mv21_22,Mf21_22,Amm21_22,Pg20_21,Mv20_21,Mf20_21,Amm20_21,Pg19_20,Mv19_20,Mf19_20,Amm19_20,Pg18_19,Mv18_19,Mf18_19,Amm18_19
2792,P,MUSSO,Atalanta,13,4,,5,37,33,6.11,4.79,1,35,6.13,4.6,5,38,6.28,5.08,1,29,6.26,4.81,4
2297,P,ROSSI F.,Atalanta,1,1,,1,1,1,6,5,0,0,0,0,0,1,6,5,0,1,0,0,0
4431,P,CARNESECCHI,Atalanta,1,1,,2,6,,,,,0,0,0,0,,,,,,,,
4,P,SPORTIELLO,Atalanta,1,1,,1,1,5,6.3,5.3,0,15,6.23,5.03,0,6,6.17,5.33,0,35,6.11,4.21,5
4332,D,DEMIRAL,Atalanta,13,5,,4,24,25,6.08,6.12,8,11,6.09,6.14,1,6,6.25,6.83,1,14,6.29,6.61,3
554,D,ZAPPACOSTA,Atalanta,11,5,,4,20,31,6.08,6.24,6,25,6.22,6.72,3,,,,,,,,
2181,D,PALOMINO,Atalanta,10,2,,2,1,33,6.14,6.09,9,31,5.97,6.05,3,30,5.97,6.05,5,30,6.05,6.07,5
2130,D,HATEBOER,Atalanta,9,4,MAEHLE,4,16,21,5.79,5.74,2,22,6.16,6.41,3,32,5.88,5.85,10,35,6.06,6.57,5
5375,D,MAEHLE,Atalanta,8,3,HATEBOER,4,14,23,5.83,5.96,2,18,5.92,6.03,0,,,,,,,,
695,D,TOLOI,Atalanta,8,3,,4,13,19,6,6.05,6,31,5.94,5.97,10,33,6.18,6.35,11,21,6.07,6.19,1
787,D,DJIMSITI,Atalanta,7,3,,4,14,29,5.86,5.84,6,33,6.09,6.03,8,34,6.07,6.21,5,24,5.84,5.86,3
5526,D,SCALVINI,Atalanta,6,3,,3,10,14,5.96,6.14,1,,,,,,,,,,,,
4432,D,OKOLI,Atalanta,5,3,,3,10,,,,,,,,,,,,,,,,
4433,D,ZORTEA,Atalanta,2,1,,2,3,23,5.78,5.96,3,,,,,,,,,,,,
5354,D,RUGGERI,Atalanta,1,1,,1,1,13,5.85,5.81,1,3,5.5,5.5,0,,,,,,,,
2077,C,PASALIC,Atalanta,22,4,EDERSON,4,75,33,6.24,7.56,3,20,6.08,7,2,35,6.15,6.88,6,33,5.89,6.45,1
4427,C,MALINOVSKYI,Atalanta,22,4,BOGA,4,78,29,6.26,6.88,10,32,6.39,7.44,3,34,6.27,6.91,5,,,,
5685,C,KOOPMEINERS,Atalanta,15,4,DE ROON,4,40,28,6.3,6.62,4,,,,,,,,,,,,
5792,C,EDERSON D.S.,Atalanta,13,3,PASALIC,3,30,15,6.17,6.47,5,,,,,,,,,,,,
788,C,FREULER,Atalanta,9,2,,4,14,29,5.93,5.83,10,33,6.3,6.52,5,31,6.05,6.23,3,35,6.16,6.33,4
5001,C,MIRANCHUK,Atalanta,8,3,,3,18,18,5.89,6.44,0,16,6.22,7.03,0,,,,,,,,
22,C,DE ROON,Atalanta,7,2,KOOPMEINERS,4,9,30,5.95,6.13,5,35,6.07,6.06,7,35,5.97,6.06,12,35,6.01,6.1,8
608,A,ZAPATA D.,Atalanta,32,4,,5,245,24,6.38,7.73,3,37,6.42,7.88,0,28,6.54,8.66,1,37,6.45,8.35,5
507,A,MURIEL,Atalanta,26,4,,4,120,26,6.37,7.69,1,32,6.67,8.92,0,34,6.32,7.98,1,19,6,6.92,1
4730,A,LOOKMAN,Atalanta,13,3,,3,32,,,,,,,,,,,,,,,,
2832,A,BOGA,Atalanta,13,4,MALINOVSKYI,3,32,26,5.92,6,0,27,5.98,6.46,0,34,6.15,7.21,0,25,6.15,6.56,0
177,A,ILICIC,Atalanta,11,3,,3,15,17,6.35,6.85,1,28,6.27,7.2,2,26,6.56,8.46,1,31,6.39,7.55,4
133,P,SKORUPSKI,Bologna,11,3,,5,20,36,6.24,4.79,4,28,6.09,4.64,1,37,5.99,4.31,2,38,6.11,4.62,1
5822,P,BAGNOLINI,Bologna,1,1,,1,1,,,,,,,,,,,,,,,,
799,P,BARDI,Bologna,1,1,,2,1,2,6.25,5.25,0,,,,,,,,,,,,
5682,P,MOLLA,Bologna,1,1,,1,1,0,0,0,0,,,,,,,,,,,,
487,D,DE SILVESTRI,Bologna,9,3,,4,17,31,5.94,6.18,7,28,5.71,5.86,4,29,5.77,5.73,2,32,6,6.29,2
5520,D,CAMBIASO,Bologna,9,4,LYKOGIANNIS,4,19,25,5.94,6.12,3,,,,,,,,,,,,
272,D,MEDEL,Bologna,7,3,,3,10,33,5.83,5.71,8,11,5.82,5.86,1,23,5.91,5.65,10,,,,
4891,D,SOUMAORO,Bologna,5,3,,4,8,27,5.83,5.57,6,20,5.82,5.88,4,,,,,,,,
2653,D,LYKOGIANNIS,Bologna,4,4,CAMBIASO,3,6,25,5.7,5.78,2,30,5.8,6.1,6,20,5.74,5.68,4,11,5.5,5.55,1
2192,D,BONIFAZI,Bologna,4,3,,4,6,17,5.65,5.41,2,28,5.88,5.8,4,17,5.56,5.85,2,27,5.94,6.13,2
2746,D,DIJKS,Bologna,3,3,CAMBIASO,3,2,11,5.95,6.05,2,20,5.7,5.52,5,13,5.73,5.54,5,25,6,5.98,5
5793,D,KASIUS,Bologna,2,2,,2,2,5,5.9,5.9,0,,,,,,,,,,,,
50,D,MBAYE,Bologna,1,2,,3,1,2,5.5,5.5,0,7,5.64,5.93,2,20,5.63,5.61,5,23,5.8,5.96,5
5424,D,AMEY,Bologna,1,1,,1,2,,,,,0,0,0,0,,,,,,,,
2167,C,ORSOLINI,Bologna,15,4,BARROW,3,34,26,6.04,6.81,2,31,5.97,6.74,0,37,5.92,6.69,3,35,6.19,7.03,2
2625,C,SORIANO,Bologna,12,4,FERGUSON,4,21,35,5.87,5.87,4,37,6.2,6.97,5,29,6.09,6.62,3,28,5.9,6.1,6
4869,C,DOMINGUEZ,Bologna,8,2,,3,12,27,6.06,6.02,8,26,5.9,5.87,8,16,5.87,5.9,1,,,,
4393,C,SCHOUTEN,Bologna,8,1,,4,13,17,5.97,6.09,2,34,5.91,5.88,8,19,5.78,5.56,6,,,,
5858,C,FERGUSON,Bologna,5,2,SORIANO,3,10,,,,,,,,,,,,,,,,
5784,C,AEBISCHER,Bologna,4,3,,3,5,8,5.88,5.81,1,,,,,,,,,,,,
2154,C,VIGNATO,Bologna,3,3,,3,7,17,5.91,5.91,2,25,6,6.2,4,,,,,10,6,6.4,0
2835,C,KINGSLEY,Bologna,1,2,,1,1,2,5.5,5.5,0,0,0,0,0,,,,,,,,
4268,A,ARNAUTOVIC,Bologna,27,4,,5,140,32,6.28,7.44,6,,,,,,,,,,,,
2719,A,BARROW,Bologna,17,3,ORSOLINI,3,44,33,6.06,6.79,0,38,6,6.76,0,25,6.14,7.28,1,22,5.82,6,0
537,A,SANSONE,Bologna,6,3,,3,7,23,6,6.28,6,23,5.91,6.22,2,33,5.75,6.02,5,15,6,6.54,3
1843,P,RADU I.,Cremonese,5,2,,5,10,1,4,2,0,2,6,5.5,0,17,6.03,4,1,33,6.3,5,0
5887,P,CIEZKOWSKI,Cremonese,1,1,,1,1,,,,,,,,,,,,,,,,
42,P,SARR M.,Cremonese,1,1,,1,1,0,0,0,0,0,0,0,0,,,,,,,,
5514,D,VASQUEZ,Cremonese,6,2,,3,12,28,5.89,5.88,7,,,,,,,,,,,,
640,D,CHIRICHES,Cremonese,5,3,,4,9,27,5.69,5.61,4,23,5.7,5.78,6,9,5.61,5.61,0,3,6.25,6.25,0
244,D,GHIGLIONE,Cremonese,5,3,,4,10,11,5.64,5.59,3,23,5.89,5.98,4,25,5.91,6.04,4,9,5.83,5.94,4
6002,D,AIWU,Cremonese,5,2,,3,9,,,,,,,,,,,,,,,,
5862,D,VALERI,Cremonese,5,3,,4,10,,,,,,,,,,,,,,,,
612,D,BIANCHETTI,Cremonese,4,1,,3,5,,,,,,,,,,,,,,,,
5891,D,QUAGLIATA,Cremonese,3,1,,2,5,,,,,,,,,,,,,,,,
5860,D,RAVANELLI,Cremonese,3,1,,1,2,,,,,,,,,,,,,,,,
2847,D,SERNICOLA,Cremonese,3,1,,1,5,,,,,,,,,,,,,,,,
5859,D,NDIAYE,Cremonese,1,1,,1,1,,,,,,,,,,,,,,,,
5861,D,FIORDALISO,Cremonese,1,1,,1,1,,,,,,,,,,,,,,,,
5829,C,MILANESE,Cremonese,7,3,,4,10,,,,,,,,,,,,,,,,
4178,C,ASCACIBAR,Cremonese,6,3,,4,8,,,,,,,,,,,,,,,,
694,C,BAEZ,Cremonese,4,2,,3,6,,,,,,,,,,,,,,,,
5863,C,CASTAGNETTI,Cremonese,4,2,,4,6,,,,,,,,,,,,,,,,
5857,C,PICKEL,Cremonese,4,2,,2,6,,,,,,,,,,,,,,,,
2742,C,VALZANIA,Cremonese,2,1,,1,1,,,,,,,,,,,,,,,,
5855,C,TENKORANG,Cremonese,1,1,,1,1,,,,,,,,,,,,,,,,
4987,C,BARTOLOMEI,Cremonese,1,1,,1,1,,,,,5,5.9,6,1,,,,,,,,
5515,A,OKEREKE,Cremonese,13,3,,4,25,30,5.92,6.5,5,,,,,,,,,,,,
2842,A,ZANIMACCHIA,Cremonese,9,3,,3,14,,,,,,,,,,,,,,,,
5854,A,TSADJOUT,Cremonese,8,3,,3,16,,,,,,,,,,,,,,,,
5864,A,BUONAIUTO,Cremonese,7,2,,2,8,,,,,,,,,,,,,,,,
5714,A,GONDO,Cremonese,5,3,,3,4,14,5.89,6.07,1,,,,,,,,,,,,
5865,A,STRIZZOLO,Cremonese,2,1,,1,2,,,,,,,,,,,,,,,,
212,A,CIOFANI D.,Cremonese,1,3,,3,1,,,,,,,,,,,,,,,,
4500,A,DI CARMINE,Cremonese,1,3,,3,1,1,5.5,5,1,18,5.58,5.53,2,22,5.95,6.88,3,,,,
4964,P,VICARIO,Empoli,9,2,,5,17,38,6.42,4.72,1,4,6.5,5,0,,,,,,,,
673,P,PERISAN,Empoli,1,1,,1,1,,,,,0,0,0,0,,,,,,,,
5448,P,FURLAN,Empoli,1,1,,1,1,0,0,0,0,,,,,,,,,,,,
5449,D,PARISI,Empoli,8,3,,4,14,23,5.91,5.85,5,,,,,,,,,,,,
5450,D,STOJANOVIC,Empoli,7,3,,4,13,33,5.83,5.79,9,,,,,,,,,,,,
393,D,LUPERTO,Empoli,5,2,,3,8,22,5.75,5.61,6,22,5.41,5.3,3,9,5.64,5.5,2,12,5.65,5.65,0
5739,D,DE WINTER,Empoli,4,2,,3,6,0,0,0,0,,,,,,,,,,,,
5010,D,ISMAJLI,Empoli,3,2,,4,4,17,5.5,5.06,7,16,5.78,5.94,1,,,,,,,,
5804,D,CACACE,Empoli,3,3,,3,4,8,5.81,5.75,1,,,,,,,,,,,,
5480,D,EBUEHI,Empoli,3,1,,3,4,17,5.59,5.5,1,,,,,,,,,,,,
144,D,TONELLI,Empoli,1,3,,1,1,13,5.5,5.19,4,22,5.95,5.84,11,9,5.83,5.61,4,19,5.84,5.74,6
5451,C,BAJRAMI,Empoli,18,4,,5,50,34,6.25,6.88,3,,,,,,,,,,,,
4498,C,HENDERSON L.,Empoli,8,4,,3,13,34,6,6.21,4,0,0,0,0,,,,,,,,
2778,C,STULAC,Empoli,7,3,,4,8,21,5.95,6.31,1,,,,,,,,,,,,
4965,C,MARIN,Empoli,7,3,,4,13,36,5.9,5.96,4,37,5.99,6.28,6,,,,,,,,
2253,C,BANDINELLI,Empoli,6,3,,4,9,33,5.88,6,10,,,,,,,,,,,,
2161,C,HAAS,Empoli,3,3,,3,4,16,5.88,5.91,3,,,,,,,,,,,,
5823,C,BALDANZI,Empoli,1,1,,1,2,,,,,,,,,,,,,,,,
472,A,DESTRO,Empoli,18,3,,4,43,27,6.02,6.98,4,25,6.16,7.42,5,13,5.67,5.61,2,17,6.28,7.56,3
5292,A,LAMMERS,Empoli,15,3,,3,35,1,6,6,0,8,5.94,6.69,0,,,,,,,,
5460,A,SATRIANO,Empoli,14,3,,3,23,2,6,6,0,,,,,,,,,,,,
4436,A,CAMBIAGHI,Empoli,6,2,,2,13,,,,,,,,,,,,,,,,
610,P,GOLLINI,Fiorentina,12,4,,5,32,,,,,25,6.1,5.26,0,,,,,,,,
2790,P,ROSATI,Fiorentina,1,1,,1,1,0,0,0,0,0,0,0,0,1,5.5,4.5,0,0,0,0,0
2815,P,TERRACCIANO,Fiorentina,1,1,,1,5,32,5.97,4.72,0,4,6.25,6,0,7,6.36,5.64,0,10,6.35,5.05,0
5885,D,DODO',Fiorentina,14,4,,4,39,,,,,,,,,,,,,,,,
252,D,BIRAGHI,Fiorentina,13,4,,5,37,37,5.96,6.11,3,35,5.91,6.03,8,25,5.98,6.43,3,36,5.89,6,8
2164,D,MILENKOVIC,Fiorentina,11,4,,5,23,34,5.87,5.81,8,34,5.84,5.97,7,37,6.18,6.46,9,34,5.93,6.06,7
4407,D,IGOR,Fiorentina,9,3,MARTINEZ QUARTA,4,18,28,5.8,5.75,3,18,5.67,5.53,5,26,5.75,5.62,9,,,,
5323,D,MARTINEZ QUARTA,Fiorentina,4,2,IGOR,3,8,18,5.81,5.75,8,19,5.87,5.87,4,,,,,,,,
2174,D,VENUTI,Fiorentina,3,3,,3,4,21,5.79,5.6,4,24,5.67,5.58,3,16,5.81,5.73,4,0,0,0,0
4375,D,TERZIC,Fiorentina,2,1,,2,3,7,6,6.07,1,,,,,,,,,,,,
2453,D,NASTASIC,Fiorentina,1,2,,3,2,4,5.5,5.38,1,,,,,,,,,,,,
4658,C,IKONE',Fiorentina,14,4,SOTTIL,4,38,15,5.87,6.1,1,,,,,,,,,,,,
367,C,BONAVENTURA,Fiorentina,14,3,,4,39,31,6.18,6.56,6,32,6.03,6.3,5,29,6.12,6.62,2,8,6.12,7.25,0
150,C,SAPONARA,Fiorentina,11,4,GONZALEZ N.,3,21,24,6.31,6.79,1,8,6.19,6.81,0,17,6,6.47,3,22,6.12,6.52,3
1933,C,MANDRAGORA,Fiorentina,9,2,AMRABAT,2,16,18,6.14,6.06,5,26,5.87,6.15,3,26,5.8,5.84,2,35,5.75,5.9,8
4377,C,CASTROVILLI,Fiorentina,9,3,,3,3,23,6.02,6.11,4,32,5.98,6.39,8,33,6.35,6.53,10,,,,
4522,C,AMRABAT,Fiorentina,8,2,MANDRAGORA,4,14,18,6.06,6.08,6,29,5.9,5.78,7,34,6.29,6.21,10,,,,
4376,C,ZURKOWSKI,Fiorentina,8,3,DUNCAN,3,20,33,6.17,6.7,5,,,,,,,,,,,,
2839,C,SOTTIL,Fiorentina,8,3,IKONE',3,12,22,6,6.41,2,19,6.03,6.32,3,18,5.83,5.75,3,2,0,0,0
526,C,DUNCAN,Fiorentina,7,3,ZURKOWSKI,4,10,31,5.92,6.13,3,15,5.77,5.8,2,26,6.08,6.44,5,26,6.1,6.6,6
5457,C,MALEH,Fiorentina,6,3,,3,9,23,6.07,6.26,5,,,,,,,,,,,,
557,C,BENASSI,Fiorentina,3,2,,2,4,14,5.75,5.71,2,0,0,0,0,18,5.84,6.09,1,32,5.89,6.44,5
2438,A,JOVIC,Fiorentina,24,4,CABRAL,4,100,,,,,,,,,,,,,,,,
4179,A,GONZALEZ N.,Fiorentina,20,4,,5,58,33,6.35,7.11,2,,,,,,,,,,,,
5786,A,CABRAL,Fiorentina,19,3,JOVIC,3,70,12,6,6.54,1,,,,,,,,,,,,
5391,A,KOKORIN,Fiorentina,1,3,,3,1,2,6,6,1,4,5.75,5.62,1,,,,,,,,
250,P,HANDANOVIC,Inter,16,4,ONANA,5,60,37,6.16,5.34,1,37,6.03,5.23,1,35,6.16,5.3,2,38,6.18,5.32,0
5830,P,ONANA,Inter,1,4,HANDANOVIC,3,13,,,,,,,,,,,,,,,,
1889,P,CORDAZ,Inter,1,2,,1,1,0,0,0,0,36,6.17,3.62,1,,,,,,,,
5513,D,DUMFRIES,Inter,20,4,BELLANOVA,4,77,32,6.22,6.77,3,,,,,,,,,,,,
2160,D,GOSENS,Inter,19,4,DARMIAN,4,62,11,6.14,6.36,3,32,6.27,7.28,7,34,6.39,7.38,3,28,6.18,6.54,2
798,D,SKRINIAR,Inter,17,4,,4,50,35,6.21,6.43,3,32,6.31,6.58,1,32,6.14,5.94,7,35,6.1,5.99,4
2120,D,BASTONI,Inter,15,4,,4,37,31,6.21,6.31,4,33,6.11,6.08,6,25,5.98,6.04,7,24,5.95,6.05,2
322,D,DE VRIJ,Inter,10,3,,4,19,28,5.8,5.68,3,32,6.22,6.28,2,34,6.29,6.6,5,28,6.07,6.18,2
2525,D,DARMIAN,Inter,9,4,GOSENS,3,16,23,6.13,6.35,4,23,6.2,6.63,5,33,5.92,5.95,6,,,,
4887,D,BELLANOVA,Inter,8,3,DUMFRIES,3,14,31,5.82,5.9,3,0,0,0,0,,,,,,,,
254,D,DIMARCO,Inter,8,4,PERISIC,3,15,25,6.12,6.34,1,35,6.14,6.57,6,16,6,5.94,1,13,6.14,6.23,4
253,D,D'AMBROSIO,Inter,8,3,,2,10,15,6.23,6.47,2,8,6.06,7.12,2,22,6.08,6.58,6,30,5.95,6.19,6
5740,D,ZANOTTI,Inter,1,2,,1,1,,,,,,,,,,,,,,,,
1870,C,BARELLA,Inter,20,4,ASLLANI,4,64,36,6.49,6.92,9,36,6.29,6.61,5,27,6.07,6.09,11,35,6.13,6.07,8
2194,C,CALHANOGLU,Inter,19,4,MKHITARYAN,4,64,33,6.36,7.2,11,33,6.27,6.85,4,35,6.3,7.24,6,36,5.91,6.27,3
2529,C,MKHITARYAN,Inter,16,4,CALHANOGLU,3,48,31,6.21,6.82,2,34,6.32,7.74,2,22,6.25,7.59,5,,,,
265,C,BROZOVIC,Inter,15,4,,5,38,35,6.31,6.41,7,33,6.15,6.38,7,32,6.28,6.58,9,32,5.91,5.94,10
801,C,GAGLIARDINI,Inter,8,3,,2,11,15,6.1,6.57,2,22,6.05,6.5,2,24,5.94,6.33,5,19,6.1,6.97,4
5719,C,ASLLANI,Inter,8,3,,3,18,18,6,6.17,2,,,,,,,,,,,,
4411,C,AGOUME,Inter,2,1,,1,2,0,0,0,0,11,5.95,5.86,2,3,6,5.75,1,,,,
5888,C,CASADEI,Inter,1,3,,2,6,,,,,,,,,,,,,,,,
2531,A,LUKAKU,Inter,39,5,DZEKO,4,363,0,0,0,0,35,6.63,8.89,4,,,,,,,,
2764,A,MARTINEZ L.,Inter,34,5,CORREA,4,307,33,6.38,8.02,6,38,6.46,7.87,5,35,6.21,7.29,7,27,6.07,6.84,4
2038,A,PINAMONTI,Inter,23,2,,2,49,36,6.15,7.21,4,4,6.25,7,0,32,5.7,6.12,1,27,5.8,6.48,2
495,A,CORREA,Inter,16,3,MARTINEZ L.,4,35,26,6.06,6.75,2,28,6,6.91,1,30,6.27,7.13,0,34,6.26,6.78,5
647,A,DZEKO,Inter,16,4,LUKAKU,4,72,35,6.29,7.54,2,25,5.96,6.76,2,35,6.59,8.01,4,33,6,6.83,9
2475,A,SANCHEZ,Inter,12,3,,2,6,22,6.14,6.91,0,25,6.38,7.34,0,22,6.44,7.5,2,,,,
453,P,SZCZESNY,Juventus,16,4,PERIN,5,65,33,6.12,5.48,2,30,6.22,5.38,0,29,6.19,5.14,1,28,6.14,5.54,0
218,P,PERIN,Juventus,1,3,SZCZESNY,2,5,5,6.1,4.7,0,32,6.25,4.83,1,21,6.12,4.29,1,9,5.89,4.94,1
1930,P,PINSOGLIO,Juventus,1,1,,1,1,1,6.5,5.5,0,1,6,5,0,1,6,6,0,1,5.5,3.5,0
2788,D,BREMER,Juventus,18,4,,5,53,33,6.39,6.59,7,33,6.08,6.5,2,27,5.78,6,2,5,5.75,5.5,1
286,D,BONUCCI,Juventus,15,4,,5,32,23,6.15,6.78,1,25,5.98,6.16,3,35,6.27,6.4,9,29,6.02,6.29,2
4237,D,DANILO,Juventus,12,4,DE SCIGLIO,4,23,21,6.14,6.24,6,34,6.29,6.41,6,22,5.77,5.95,2,,,,
662,D,ALEX SANDRO,Juventus,8,3,PELLEGRINI LU.,4,14,27,5.76,5.67,3,24,6.06,6.23,2,29,5.97,6.07,4,31,6.05,6.14,7
358,D,DE SCIGLIO,Juventus,6,3,DANILO,3,9,16,6.06,6.25,2,1,6,6,0,,,,,,,,
2728,D,PELLEGRINI LU.,Juventus,5,3,ALEX SANDRO,3,7,17,6.09,5.97,6,11,5.59,5.41,2,24,6.04,6.04,10,16,5.91,5.84,4
5831,D,GATTI,Juventus,5,3,,2,7,,,,,,,,,,,,,,,,
294,D,RUGANI,Juventus,5,3,,2,8,12,5.96,5.88,2,12,5.79,6.04,2,,,,,,,,
2002,C,CHIESA,Juventus,25,5,CUADRADO,4,120,14,6.21,6.79,0,30,6.45,7.43,3,34,6.31,7.15,7,37,6.24,6.73,4
303,C,POGBA,Juventus,24,4,,5,68,,,,,,,,,,,,,,,,
697,C,CUADRADO,Juventus,15,5,CHIESA,4,28,32,6.3,6.62,9,29,6.31,6.64,9,33,6.05,6.18,7,18,5.78,5.97,4
827,C,LOCATELLI,Juventus,14,4,,4,26,29,6.16,6.47,6,34,6.28,6.53,9,33,6.24,6.17,9,29,5.94,6.21,7
4973,C,MCKENNIE,Juventus,11,4,ZAKARIA,3,9,19,6.18,6.63,1,33,6.17,6.61,5,,,,,,,,
2432,C,ZAKARIA,Juventus,10,3,MCKENNIE,4,17,9,5.89,6.28,1,,,,,,,,,,,,
2379,C,RABIOT,Juventus,7,2,,3,10,29,5.71,5.69,5,32,5.8,6.09,5,28,5.91,5.93,5,,,,
4285,C,ARTHUR,Juventus,5,2,,3,5,15,5.93,5.83,3,20,6.02,6.1,3,,,,,,,,
4465,C,FAGIOLI,Juventus,3,1,,1,4,0,0,0,0,1,6,6,0,,,,,,,,
4459,C,ROVELLA,Juventus,3,1,,1,4,20,6.1,6.12,5,18,5.83,5.83,4,2,6,6,0,,,,
5813,C,MIRETTI,Juventus,2,1,,1,3,4,6,6,0,,,,,,,,,,,,
2841,A,VLAHOVIC,Juventus,40,5,,5,383,36,6.4,8.35,4,37,6.27,8.01,1,30,5.91,6.46,4,10,5.62,5.62,0
2382,A,DI MARIA,Juventus,26,4,,4,114,,,,,,,,,,,,,,,,
2097,A,KEAN,Juventus,15,3,,3,37,25,5.96,6.56,5,,,,,,,,,,,,
5505,A,KAIO JORGE,Juventus,1,2,,2,1,2,5.75,5.75,0,,,,,,,,,,,,
5734,A,SOULE',Juventus,1,1,,1,2,,,,,,,,,,,,,,,,
5832,P,LUIS MAXIMIANO,Lazio,12,4,,4,35,,,,,,,,,,,,,,,,
5502,P,ADAMONIS,Lazio,1,1,,1,1,0,0,0,0,,,,,,,,,,,,
460,D,ROMAGNOLI,Lazio,11,4,,4,20,17,6,6,4,22,5.98,6,7,35,6.11,6.14,4,32,6.27,6.28,5
2263,D,LAZZARI,Lazio,10,4,,4,21,27,5.91,6.3,3,32,6.12,6.34,2,32,6.19,6.16,6,33,6.35,6.48,7
5498,D,CASALE,Lazio,9,3,,4,17,34,5.85,5.75,10,,,,,,,,,,,,
513,D,ACERBI,Lazio,8,4,,3,10,29,5.95,6.31,1,32,6.05,5.94,7,36,6.26,6.43,4,37,6.14,6.31,3
2188,D,MARUSIC,Lazio,7,2,,4,13,33,5.65,5.65,4,36,5.79,5.94,3,15,6.14,6.54,3,26,5.8,5.88,2
140,D,HYSAJ,Lazio,6,2,,3,8,27,5.63,5.69,3,21,5.93,5.93,2,20,5.87,6.05,3,27,5.76,5.76,4
327,D,PATRIC,Lazio,5,1,,3,8,21,5.76,5.71,4,23,5.72,5.59,8,21,5.83,5.74,2,15,5.75,5.71,1
5833,D,GILA,Lazio,4,2,,2,6,,,,,,,,,,,,,,,,
329,D,RADU,Lazio,2,2,,2,2,8,5.56,5.44,2,30,5.82,5.88,2,29,5.93,5.9,8,28,5.8,5.75,5
5461,D,KAMENOVIC,Lazio,1,1,,1,1,1,5.5,5.5,0,,,,,,,,,,,,
645,C,MILINKOVIC-SAVIC,Lazio,29,4,,5,158,37,6.51,7.59,4,32,6.3,7.2,4,37,6.19,6.72,9,31,5.87,6.31,7
632,C,ZACCAGNI,Lazio,20,4,CANCELLIERI,4,69,30,6.3,6.93,6,35,6.3,6.79,6,34,6.11,6.36,5,,,,
335,C,FELIPE ANDERSON,Lazio,19,4,PEDRO,4,63,38,6.14,6.8,2,,,,,,,,,,,,
2085,C,LUIS ALBERTO,Lazio,18,4,,4,45,34,6.15,6.81,5,34,6.31,7.03,5,36,6.46,7.31,5,27,5.98,6.48,5
5834,C,MARCOS ANTONIO,Lazio,10,3,VECINO,4,20,,,,,,,,,,,,,,,,
333,C,CATALDI,Lazio,8,3,,3,12,30,6.03,6.08,7,13,5.73,5.58,4,21,6.09,6.22,3,12,6.09,6.64,2
181,C,VECINO,Lazio,6,3,MARCOS ANTONIO,3,10,10,6,6.25,2,4,6.38,7.38,0,20,5.97,6.25,4,30,5.85,6.07,8
5674,C,BASIC,Lazio,5,2,,2,13,20,5.85,5.88,3,,,,,,,,,,,,
5510,C,ROMERO L.,Lazio,2,1,,1,4,2,5.5,5.5,0,,,,,,,,,,,,
785,A,IMMOBILE,Lazio,42,5,,5,390,31,6.6,9.02,4,35,6.23,7.7,3,37,6.57,9.49,8,36,6.04,7.41,6
2489,A,PEDRO,Lazio,19,4,FELIPE ANDERSON,4,67,32,6.25,7.14,5,26,5.88,6.44,3,,,,,,,,
5500,A,CANCELLIERI,Lazio,7,3,ZACCAGNI,3,17,5,6.1,6.6,1,,,,,,,,,,,,
4938,A,MORO,Lazio,1,1,,1,1,7,5.93,6.07,0,0,0,0,0,1,0,0,0,,,,
2134,P,FALCONE,Lecce,5,3,,5,12,10,6.45,4.95,2,,,,,,,,,,,,
4468,P,BLEVE,Lecce,1,1,,1,1,,,,,,,,,,,,,,,,
4351,P,BRANCOLINI,Lecce,1,1,,1,1,,,,,0,0,0,0,,,,,,,,
4519,D,CETIN,Lecce,5,3,,5,8,1,6,6,0,6,5.92,5.83,1,6,5.8,5.4,2,,,,
139,D,DERMAKU,Lecce,4,2,,4,6,,,,,2,5.75,5.75,0,,,,,,,,
4946,D,FRABOTTA,Lecce,4,2,,4,7,1,6,6,0,11,5.73,5.68,5,1,6,6,0,,,,
5867,D,GENDREY,Lecce,4,2,,4,5,,,,,,,,,,,,,,,,
2745,D,CALABRESI,Lecce,3,2,,3,3,0,0,0,0,1,6,6,0,,,,,,,,
4960,D,TUIA,Lecce,2,2,,4,4,,,,,26,5.6,5.6,6,,,,,,,,
5835,D,BASCHIROTTO,Lecce,2,2,,2,4,,,,,,,,,,,,,,,,
4502,D,GALLO,Lecce,2,1,,1,3,,,,,,,,,,,,,,,,
4486,C,STREFEZZA,Lecce,13,4,,5,38,,,,,,,,,,,,,,,,
5870,C,HJULMAND,Lecce,6,2,,4,8,,,,,,,,,,,,,,,,
5886,C,BISTROVIC,Lecce,5,2,,4,8,,,,,,,,,,,,,,,,
4921,C,ASKILDSEN,Lecce,3,2,,4,4,15,5.8,5.5,5,3,6,5.83,2,4,6,6.67,0,,,,
5869,C,BLIN,Lecce,2,2,,3,3,,,,,,,,,,,,,,,,
5999,C,GONZALEZ J.,Lecce,2,2,,2,3,,,,,,,,,,,,,,,,
5868,C,BJORKENGREN,Lecce,1,1,,1,1,,,,,,,,,,,,,,,,
5996,C,SAMEK,Lecce,1,1,,1,3,,,,,,,,,,,,,,,,
5872,C,HELGASON,Lecce,1,2,,2,4,,,,,,,,,,,,,,,,
5873,C,LISTKOWSKI,Lecce,1,1,,1,2,,,,,,,,,,,,,,,,
1857,A,DI FRANCESCO F.,Lecce,12,3,,4,21,25,6.12,6.68,2,,,,,,,,,,,,
5836,A,CEESAY,Lecce,10,4,,4,20,,,,,,,,,,,,,,,,
4923,A,COLOMBO,Lecce,7,3,,3,13,,,,,2,5.75,5.75,0,,,,,,,,
5494,A,DI MARIANO,Lecce,5,2,,2,5,1,5.5,5.5,0,,,,,,,,,,,,
6001,A,BANDA,Lecce,5,1,,1,8,,,,,,,,,,,,,,,,
5874,A,RODRIGUEZ P.,Lecce,2,1,,1,2,,,,,,,,,,,,,,,,
5837,A,VOELKERLING PERSSON,Lecce,1,1,,1,1,,,,,,,,,,,,,,,,
4312,P,MAIGNAN,Milan,18,5,,5,81,32,6.27,5.62,1,,,,,,,,,,,,
41,P,MIRANTE,Milan,1,1,,1,1,0,0,0,0,13,6.15,4.85,2,,,,,,,,
160,P,TATARUSANU,Milan,1,1,,1,1,6,6,4.83,0,1,5,2,0,,,,,,,,
4292,D,HERNANDEZ T.,Milan,20,5,,5,84,32,6.3,6.69,5,33,6.21,6.86,9,33,6.33,6.73,10,,,,
4751,D,TOMORI,Milan,15,4,,5,36,31,6.29,6.23,4,17,6.26,6.44,0,,,,,,,,
4976,D,KALULU,Milan,14,4,KJAER,4,30,24,6.33,6.46,4,10,5.65,5.9,1,,,,,,,,
357,D,CALABRIA,Milan,13,4,FLORENZI,4,24,26,6.15,6.42,2,32,6.23,6.28,7,25,5.76,5.8,2,26,5.9,5.96,5
464,D,FLORENZI,Milan,7,3,CALABRIA,3,13,20,6.12,6.4,2,0,0,0,0,,,,,,,,
2633,D,KJAER,Milan,5,3,KALULU,3,10,10,6.2,5.9,2,28,6.27,6.25,3,20,6,5.9,4,,,,
5017,D,BALLO-TOURE',Milan,2,2,,3,2,7,5.64,5.5,2,,,,,,,,,,,,
4401,D,GABBIA,Milan,1,2,,2,4,7,5.57,5.36,3,6,6,5.83,2,9,5.83,5.78,1,,,,
5995,C,DE KETELAERE,Milan,21,4,DIAZ,4,79,,,,,,,,,,,,,,,,
4449,C,TONALI,Milan,16,3,,4,45,34,6.37,6.74,9,24,5.79,5.73,1,35,6.04,6.2,9,,,,
4970,C,MESSIAS,Milan,14,4,SAELEMAEKERS,4,36,26,6,6.62,2,36,6.24,6.99,6,,,,,,,,
4825,C,DIAZ B.,Milan,11,3,DE KETELAERE,3,20,29,6.07,6.41,4,25,6.2,6.76,2,,,,,,,,
2818,C,BENNACER,Milan,10,4,,4,20,28,6.27,6.41,7,21,5.74,5.69,4,31,6.03,5.9,14,37,5.9,5.86,7
5298,C,POBEGA,Milan,9,4,,3,22,31,6.26,6.5,11,20,6.1,6.85,6,,,,,,,,
4892,C,SAELEMAEKERS,Milan,8,3,MESSIAS,3,14,34,6.01,6.16,2,32,5.94,6.14,5,13,6,6.08,2,,,,
5875,C,ADLI,Milan,7,3,,3,15,,,,,,,,,,,,,,,,
148,C,KRUNIC,Milan,7,3,,3,8,23,6.13,6.15,2,16,5.88,6.12,3,15,5.77,5.73,3,33,6,6.5,7
2639,C,BAKAYOKO,Milan,2,2,,3,2,11,5.73,5.64,3,26,5.96,6.08,4,,,,,,,,
4510,A,RAFAEL LEAO,Milan,31,5,REBIC,4,199,34,6.63,7.84,4,29,6.02,6.78,5,31,6.07,6.78,0,,,,
4200,A,GIROUD,Milan,28,4,ORIGI,4,158,29,6.26,7.43,4,,,,,,,,,,,,
2466,A,ORIGI,Milan,17,4,GIROUD,3,59,,,,,,,,,,,,,,,,
186,A,REBIC,Milan,14,3,RAFAEL LEAO,4,25,22,6.07,6.39,2,27,6.19,7.44,4,26,6.3,7.8,5,,,,
2530,A,IBRAHIMOVIC,Milan,13,4,GIROUD,5,15,18,6.42,7.53,2,18,6.28,8.28,2,18,6.53,8.17,1,,,,
5785,A,LAZETIC,Milan,1,1,,2,1,0,0,0,0,,,,,,,,,,,,
2178,P,CRAGNO,Monza,11,4,,5,25,35,6.24,4.57,3,34,6.37,4.79,1,16,6.47,5.31,1,38,6.45,5.17,1
5853,P,SORRENTINO A.,Monza,1,1,,1,1,,,,,,,,,,,,,,,,
5876,P,DI GREGORIO,Monza,1,1,,1,1,,,,,,,,,,,,,,,,
217,P,LAMANNA,Monza,1,1,,1,1,,,,,,,,,,,,,,,,
5877,D,CARLOS AUGUSTO,Monza,8,4,,4,17,,,,,,,,,,,,,,,,
2355,D,MARLON,Monza,7,3,SAMPIRISI,4,14,,,,,21,5.62,5.5,4,,,,,,,,
261,D,RANOCCHIA,Monza,6,4,,4,10,6,5.92,5.83,1,8,6.25,6.25,2,7,6.21,6,3,4,6,5.75,1
4925,D,CARBONI,Monza,5,2,CALDIROLA,4,8,28,5.64,5.46,6,14,5.64,5.64,2,7,5.5,5,2,,,,
2446,D,DONATI,Monza,4,3,,3,4,,,,,,,,,,,,,,,,
4958,D,CALDIROLA,Monza,4,3,CARBONI,3,3,,,,,22,5.75,5.91,3,,,,,,,,
729,D,PEREIRA P.,Monza,4,2,,2,5,,,,,34,5.72,5.75,6,,,,,,,,
84,D,MARRONE,Monza,4,3,,3,3,,,,,19,5.34,5.03,8,,,,,,,,
5838,D,BIRINDELLI,Monza,3,3,,4,7,,,,,,,,,,,,,,,,
1898,D,SAMPIRISI,Monza,3,3,MARLON,3,2,,,,,,,,,,,,,,,,
360,D,PALETTA,Monza,2,1,,2,2,,,,,,,,,,,,,,,,
2737,D,BETTELLA,Monza,1,1,,1,2,,,,,,,,,,,,,,,,
5399,D,ANTOV,Monza,1,1,,1,1,,,,,4,5.38,5.25,1,,,,,,,,
2741,C,PESSINA,Monza,13,3,,4,36,24,5.9,6.06,0,26,6.23,6.46,2,35,6.04,6.56,7,12,6.1,6.3,0
1978,C,SENSI,Monza,12,4,,4,28,14,5.93,6.11,1,16,6,5.91,1,12,6.29,7.04,2,28,6.05,6.27,8
1901,C,BARBERIS,Monza,7,3,VALOTI,4,8,,,,,,,,,,,,,,,,
2274,C,VALOTI,Monza,5,3,BARBERIS,3,14,,,,,,,,,,,,,,,,
666,C,MACHIN,Monza,4,2,,3,4,,,,,,,,,,,,,,,,
5878,C,COLPANI,Monza,4,2,,3,5,,,,,,,,,,,,,,,,
1851,C,MOLINA S.,Monza,4,3,BIRINDELLI,3,6,,,,,29,5.84,5.93,1,,,,,,,,
5880,C,CIURRIA,Monza,3,2,,2,5,,,,,,,,,,,,,,,,
1976,C,MAZZITELLI,Monza,3,2,,2,4,,,,,,,,,,,,,,,,
5884,C,RANOCCHIA F.,Monza,2,2,,2,4,,,,,,,,,,,,,,,,
5992,C,BONDO,Monza,1,1,,1,3,,,,,,,,,,,,,,,,
5879,C,VIGNATO S.,Monza,1,1,,1,1,,,,,,,,,,,,,,,,
2804,C,SCOZZARELLA,Monza,1,1,,1,2,,,,,3,5.5,5.33,1,,,,,,,,
21,C,D'ALESSANDRO,Monza,1,1,,1,1,,,,,,,,,,,,,,,,
1958,A,CAPRARI,Monza,26,4,,4,110,34,6.54,7.75,4,30,6,6.52,3,30,5.94,6.42,3,21,6,6.93,1
5882,A,MOTA,Monza,10,3,,4,26,,,,,,,,,,,,,,,,
5881,A,GYTKJAER,Monza,4,2,,2,8,,,,,,,,,,,,,,,,
572,P,MERET,Napoli,14,4,,4,25,7,5.86,5,0,22,6.2,4.89,0,22,6.16,4.8,0,14,6.18,5.46,0
2845,P,CONTINI,Napoli,1,1,,1,1,0,0,0,0,0,0,0,0,,,,,,,,
5518,P,MARFELLA,Napoli,1,1,,1,1,0,0,0,0,,,,,,,,,,,,
2816,D,DI LORENZO,Napoli,15,4,,5,40,33,6.2,6.36,3,36,5.97,6.15,11,33,5.88,6.17,5,37,6.03,6.41,8
4409,D,RRAHMANI,Napoli,14,4,,5,28,33,6.27,6.56,5,14,6.14,6.29,2,36,5.94,5.9,5,,,,
5892,D,KIM,Napoli,13,4,,4,26,,,,,,,,,,,,,,,,
142,D,MARIO RUI,Napoli,9,3,,4,17,34,6.03,6.07,7,24,5.92,5.9,4,24,5.85,5.74,9,20,5.82,5.87,4
5750,D,OSTIGARD,Napoli,7,2,,2,10,15,5.63,5.43,2,,,,,,,,,,,,
5840,D,OLIVERA,Napoli,7,3,,3,14,,,,,,,,,,,,,,,,
256,D,JUAN JESUS,Napoli,7,3,,2,10,15,6.03,6.07,1,4,5.75,5.75,0,4,5,4.67,2,20,5.78,5.72,4
5527,D,ZANOLI,Napoli,3,1,,1,3,6,5.92,5.75,2,,,,,,,,,,,,
2775,C,RUIZ,Napoli,19,4,,4,40,31,6.42,7.19,2,32,6.03,6.3,1,33,5.97,6.39,2,27,6.3,6.89,2
152,C,ZIELINSKI,Napoli,19,4,,4,60,34,6.12,6.78,1,36,6.39,7.28,2,37,5.99,6.18,4,36,6.15,6.62,6
5839,C,KVARATSKHELIA,Napoli,18,4,POLITANO,4,70,,,,,,,,,,,,,,,,
536,C,POLITANO,Napoli,15,4,KVARATSKHELIA,3,26,31,6.13,6.5,3,36,6.22,7.01,3,26,5.93,6.27,1,36,6.04,6.51,4
4479,C,ELMAS,Napoli,11,3,,3,18,32,6.11,6.48,3,21,5.88,6.17,2,26,5.97,6.03,7,,,,
4287,C,LOBOTKA,Napoli,11,3,,3,20,21,6.29,6.38,2,5,6,5.8,2,14,6.12,6.12,0,,,,
4220,C,ZAMBO ANGUISSA,Napoli,11,3,LOBOTKA,4,17,23,6.28,6.22,5,,,,,,,,,,,,
4364,C,GAETANO,Napoli,4,2,,2,6,,,,,,,,,,,,,,,,
4725,C,DEMME,Napoli,4,3,RUIZ,3,5,13,5.92,6,4,21,6.21,6.45,6,15,5.93,5.93,6,,,,
5998,C,ZERBIN,Napoli,1,2,,1,2,,,,,,,,,,,,,,,,
4661,A,OSIMHEN,Napoli,35,4,,4,318,27,6.48,7.98,5,24,6.33,7.58,4,,,,,,,,
4517,A,LOZANO,Napoli,18,4,POLITANO,4,52,29,6.12,6.76,3,32,6.31,7.34,6,26,5.92,6.4,3,,,,
383,A,PETAGNA,Napoli,15,2,,3,24,13,6.04,6.77,1,16,6.16,7.09,0,36,5.93,6.72,5,36,6.1,7.32,8
2195,A,OUNAS,Napoli,4,2,,3,6,8,6.06,6,1,20,6.38,7.15,1,0,0,0,0,18,6,6.75,0
4270,P,RUI PATRICIO,Roma,14,4,,5,48,38,6.17,5.09,2,,,,,,,,,,,,
5304,P,BOER,Roma,1,1,,1,1,0,0,0,0,0,0,0,0,,,,,,,,
5841,P,SVILAR,Roma,1,1,,1,1,,,,,,,,,,,,,,,,
4245,D,SMALLING,Roma,14,4,,5,27,25,6.18,6.46,0,14,5.93,5.89,3,30,6.05,6.35,2,,,,
1852,D,SPINAZZOLA,Roma,12,4,ZALEWSKI,4,24,2,6.25,6,1,25,6.2,6.52,0,24,6.25,6.43,2,10,6,6.11,0
2296,D,MANCINI,Roma,10,3,,4,18,33,5.88,5.64,14,33,6.14,6.41,10,32,6.03,5.88,14,30,6.22,6.69,5
2180,D,KARSDORP,Roma,10,4,CELIK,4,20,35,6.07,6,7,34,6.06,6.29,2,0,0,0,0,11,5.78,5.72,1
4331,D,IBANEZ,Roma,9,3,MATIC,4,17,32,5.84,6,9,30,5.82,5.67,5,9,5.94,5.83,2,1,0,0,0
4657,D,CELIK,Roma,7,3,KARSDORP,3,13,,,,,,,,,,,,,,,,
4495,D,KUMBULLA,Roma,4,2,,3,8,13,5.77,5.58,6,19,5.87,5.84,7,25,6.15,6.12,5,,,,
5509,D,VINA,Roma,3,3,,4,5,23,5.74,5.74,2,,,,,,,,,,,,
4945,D,CALAFIORI,Roma,2,2,,2,2,4,5.62,5.62,3,2,6,5.5,2,1,6.5,6.5,0,,,,
530,C,PELLEGRINI LO.,Roma,27,4,,5,113,27,6.28,7.13,6,33,6.3,6.94,10,27,6.2,6.5,6,25,6.18,6.46,6
2766,C,ZANIOLO,Roma,19,4,DYBALA,3,55,27,6,6.02,9,0,0,0,0,26,6.16,6.8,8,27,6.13,6.5,8
2638,C,WIJNALDUM,Roma,17,4,,4,49,,,,,,,,,,,,,,,,
779,C,CRISTANTE,Roma,9,2,MATIC,4,17,34,5.97,5.96,9,31,5.82,5.77,8,26,5.77,5.81,7,35,5.87,6.13,10
795,C,EL SHAARAWY,Roma,9,3,,3,21,24,5.92,6.27,1,9,5.67,5.94,1,,,,,,,,
5422,C,ZALEWSKI,Roma,7,3,SPINAZZOLA,3,13,13,5.85,5.81,1,1,6,7,0,,,,,,,,
2528,C,MATIC,Roma,7,3,CRISTANTE,3,13,,,,,,,,,,,,,,,,
4884,C,CARLES PEREZ,Roma,4,3,,2,8,14,5.93,6.14,2,16,6.03,6.47,0,14,5.96,6.38,2,,,,
58,C,DIAWARA,Roma,2,2,,3,1,3,5.67,5.67,0,10,5.75,5.85,2,22,6.02,6.08,4,13,5.82,5.64,4
5420,C,DARBOE,Roma,1,1,,1,1,1,6,6,0,4,5.88,5.62,2,,,,,,,,
5735,C,VOLPATO,Roma,1,3,,2,1,1,7,10,0,,,,,,,,,,,,
5423,C,BOVE,Roma,1,4,,3,1,2,6.5,8,0,0,0,0,0,,,,,,,,
2544,A,ABRAHAM,Roma,33,4,,4,322,37,6.26,7.62,9,,,,,,,,,,,,
309,A,DYBALA,Roma,29,4,ZANIOLO,4,197,28,6.36,7.45,3,19,6.11,6.89,0,33,6.67,7.84,5,30,5.94,6.56,2
5311,A,SHOMURODOV,Roma,12,3,,3,16,20,6.1,6.72,2,30,6.17,6.98,1,,,,,,,,
5728,A,AFENA-GYAN,Roma,8,3,,3,10,14,5.86,6.11,3,,,,,,,,,,,,
159,P,SEPE,Salernitana,8,3,,4,14,16,6.22,4.66,2,36,6,3.89,0,,,,,,,,
5889,P,MICAI,Salernitana,1,1,,1,1,,,,,,,,,,,,,,,,
1947,P,FIORILLO,Salernitana,1,1,,1,1,1,6,1,0,,,,,,,,,,,,
5856,D,SAMBIA,Salernitana,7,4,,4,13,,,,,,,,,,,,,,,,
5532,D,BRADARIC,Salernitana,7,4,JAROSZYNSKI,4,11,,,,,,,,,,,,,,,,
5481,D,MAZZOCCHI,Salernitana,7,3,,3,15,32,5.84,5.83,5,,,,,,,,,,,,
4934,D,LOVATO,Salernitana,6,3,,2,13,21,5.98,5.86,5,21,5.93,5.81,5,1,0,0,0,,,,
2016,D,FAZIO,Salernitana,6,3,,3,10,16,5.69,5.78,1,5,5.9,6.3,2,,,,,,,,
118,D,RADOVANOVIC,Salernitana,5,3,,4,5,13,5.88,5.96,4,30,5.75,5.67,6,19,5.84,5.75,3,35,5.66,5.53,9
660,D,GYOMBER,Salernitana,4,2,,3,3,30,5.72,5.57,9,,,,,,,,,,,,
4897,D,PIROLA,Salernitana,4,2,,2,5,,,,,0,0,0,0,,,,,,,,
2208,D,JAROSZYNSKI,Salernitana,1,2,,3,1,9,5.33,5.22,2,0,0,0,0,,,,,,,,
2064,D,VESELI,Salernitana,1,1,,3,1,8,5.31,5.12,1,,,,,,,,,,,,
5503,D,KECHRIDA,Salernitana,1,1,,1,1,14,5.86,5.93,0,,,,,,,,,,,,
2144,C,COULIBALY M.,Salernitana,7,4,,4,10,12,6.08,6.54,1,2,6,6,0,0,0,0,0,0,0,0,0
5798,C,BOHINEN,Salernitana,7,2,,3,10,10,5.95,5.8,5,,,,,,,,,,,,
5504,C,COULIBALY L.,Salernitana,6,2,,4,11,31,5.79,5.74,3,,,,,,,,,,,,
2117,C,KASTANOS,Salernitana,5,3,,3,10,25,5.9,5.94,4,,,,,,,,,,,,
5468,C,CAVION,Salernitana,1,1,,1,2,0,0,0,0,,,,,,,,,,,,
173,C,CAPEZZI,Salernitana,1,1,,3,1,4,5.75,5.75,0,,,,,,,,,,,,
505,A,BONAZZOLI,Salernitana,14,4,,4,30,31,6.23,7.1,6,15,5.97,6.53,2,19,6.22,7.19,1,,,,
5842,A,BOTHEIM,Salernitana,13,3,,3,26,,,,,,,,,,,,,,,,
2409,A,RIBERY,Salernitana,5,3,,4,10,23,6.09,6.11,3,29,6.12,6.4,6,,,,,,,,
5843,A,VALENCIA D.,Salernitana,2,3,,2,3,,,,,,,,,,,,,,,,
761,P,AUDERO,Sampdoria,10,3,,5,17,29,6.12,4.53,2,37,6.38,5.11,0,36,6.03,4.29,1,36,6.04,4.65,4
4977,P,RAVAGLIA,Sampdoria,1,1,,1,1,1,6,5,0,0,0,0,0,,,,,,,,
2784,D,COLLEY,Sampdoria,9,3,,4,17,31,5.97,5.85,5,29,5.88,5.98,6,31,5.76,5.63,10,21,5.93,5.88,0
4421,D,AUGELLO,Sampdoria,7,3,,5,15,34,5.81,5.93,0,37,5.92,6.03,2,17,6.06,6.12,2,,,,
2104,D,BERESZYNSKI,Sampdoria,6,2,,4,11,35,5.69,5.6,12,31,5.84,5.9,2,28,5.5,5.25,10,27,5.66,5.6,5
1868,D,MURRU,Sampdoria,5,2,,3,8,19,5.53,5.58,5,11,5.77,5.77,0,28,5.54,5.35,4,35,5.82,5.84,9
45,D,FERRARI A.,Sampdoria,5,2,,2,10,22,5.7,5.75,4,10,6,5.85,3,12,5.83,5.67,4,6,5.67,5.5,2
2300,D,LEVERBE,Sampdoria,4,2,,2,7,,,,,,,,,,,,,,,,
2141,D,DEPAOLI,Sampdoria,4,3,,3,5,18,5.83,5.94,4,20,5.55,5.4,2,29,5.85,5.78,7,33,5.75,5.66,10
259,D,MURILLO,Sampdoria,3,2,,2,7,0,0,0,0,,,,,,,,,,,,
11,D,CONTI,Sampdoria,3,2,,2,4,4,6,6.62,1,9,5.39,5.22,3,23,5.69,5.6,8,12,5.78,5.83,3
332,C,CANDREVA,Sampdoria,17,5,,5,51,36,6.18,6.85,6,33,6.23,6.88,1,32,6.22,6.87,5,18,6,6.27,0
5788,C,SABIRI,Sampdoria,15,4,,4,39,13,6.15,6.88,3,,,,,,,,,,,,
4978,C,DAMSGAARD,Sampdoria,13,3,,3,8,9,5.78,5.72,1,30,6.03,6.32,3,,,,,,,,
1995,C,DJURICIC,Sampdoria,13,4,GABBIADINI,4,30,10,6.1,6.75,1,30,6,6.52,5,29,6.15,6.7,6,23,5.82,6.07,1
600,C,VERRE,Sampdoria,7,2,,3,10,16,5.69,5.62,2,22,6.11,6.59,3,32,5.95,6.25,4,0,0,0,0
238,C,RINCON,Sampdoria,6,2,,3,8,21,5.81,5.69,5,36,5.86,5.83,8,32,5.87,5.85,11,34,6.12,6.17,15
2855,C,VIEIRA,Sampdoria,4,2,,3,7,11,5.77,5.64,3,4,5.62,5.5,1,27,5.65,5.46,11,14,5.8,5.7,3
5517,C,YEPES,Sampdoria,3,1,,1,3,0,0,0,0,,,,,,,,,,,,
2334,C,LERIS,Sampdoria,3,1,,1,7,0,0,0,0,9,5.89,5.83,1,,,,,,,,
2819,A,CAPUTO,Sampdoria,21,4,QUAGLIARELLA,5,72,38,6,6.88,1,24,6.12,7.65,1,36,6.32,8.31,3,38,6.08,7.14,3
407,A,GABBIADINI,Sampdoria,15,4,CAPUTO,3,30,16,6.19,7.34,3,15,6.2,6.9,1,33,6.09,7.12,2,18,6,6.66,5
568,A,QUAGLIARELLA,Sampdoria,10,3,,3,15,30,5.9,6.33,2,32,6.14,7.28,1,28,6,7.04,2,37,6.43,8.64,1
5512,A,DE LUCA,Sampdoria,4,1,,1,7,0,0,0,0,,,,,,,,,,,,
509,P,CONSIGLI,Sassuolo,11,3,,5,23,37,6.27,4.62,2,37,6.38,4.93,1,31,6.11,4.42,1,36,6.25,4.89,2
4518,P,RUSSO A.,Sassuolo,1,1,,1,1,,,,,,,,,,,,,,,,
510,P,PEGOLO,Sassuolo,1,1,,1,1,1,6,3,0,1,6.5,6.5,0,5,6.7,5.9,0,3,6,4.5,1
4982,D,ERLIC,Sassuolo,9,3,,4,18,30,5.95,6.07,5,22,5.82,6.14,6,,,,,,,,
1895,D,FERRARI G.,Sassuolo,8,2,,4,15,36,5.75,5.75,4,34,6.07,6.03,7,23,5.91,5.84,5,31,5.97,6.21,9
4530,D,KYRIAKOPOULOS,Sassuolo,6,3,,4,12,25,5.88,5.92,6,21,5.79,5.86,1,26,6,6,4,,,,
4521,D,MULDUR,Sassuolo,5,2,,3,12,25,5.72,5.62,5,27,5.96,5.96,2,24,6.02,6.32,4,,,,
4979,D,AYHAN,Sassuolo,5,3,,3,8,18,5.81,5.86,2,13,5.81,5.73,2,,,,,,,,
2318,D,ROGERIO,Sassuolo,5,3,,3,12,22,5.82,5.77,5,26,5.88,5.81,4,15,6,6.07,6,33,5.64,5.59,9
4426,D,TOLJAN,Sassuolo,5,3,,4,12,19,5.84,5.84,2,24,5.79,5.83,2,29,5.91,5.95,8,,,,
5747,D,RUAN,Sassuolo,3,2,,2,4,5,5.5,5.4,1,,,,,,,,,,,,
2252,D,MARCHIZZA,Sassuolo,2,2,,2,2,19,5.63,5.47,4,22,5.84,5.84,4,,,,,,,,
2857,C,TRAORE' HJ.,Sassuolo,18,4,,4,55,28,6.2,6.93,3,32,6.14,6.58,6,31,6.07,6.48,3,32,6.08,6.28,4
2848,C,FRATTESI,Sassuolo,16,3,,4,42,36,6.08,6.36,6,0,0,0,0,,,,,,,,
5844,C,THORSTVEDT,Sassuolo,9,3,,4,24,,,,,,,,,,,,,,,,
4681,C,LOPEZ M.,Sassuolo,9,3,,4,16,34,6.09,6.1,14,28,5.86,5.95,7,,,,,,,,
5511,C,MATHEUS HENRIQUE,Sassuolo,6,3,,3,10,20,5.88,5.8,3,,,,,,,,,,,,
5776,C,CEIDE,Sassuolo,2,2,,2,6,1,5.5,5.5,0,,,,,,,,,,,,
5688,C,HARROUI,Sassuolo,2,2,,2,4,10,5.8,5.7,2,,,,,,,,,,,,
4501,C,OBIANG,Sassuolo,2,2,,2,2,0,0,0,0,24,5.85,5.77,4,25,5.81,5.65,10,,,,
531,A,BERARDI,Sassuolo,35,5,,5,249,33,6.71,8.33,9,30,6.6,8.37,4,31,6.5,7.85,6,35,6.1,6.77,5
4371,A,RASPADORI,Sassuolo,20,3,ALVAREZ,4,75,36,6.07,6.89,7,20,6.28,7.15,1,11,6.21,7.07,0,0,0,0,0
5845,A,ALVAREZ A.,Sassuolo,14,3,,3,29,,,,,,,,,,,,,,,,
643,A,DEFREL,Sassuolo,8,3,,3,10,30,5.85,6.08,3,28,5.93,6.3,1,17,5.94,6.62,1,36,5.97,6.94,2
5378,A,ODDEI,Sassuolo,1,1,,1,1,0,0,0,0,3,6.17,6.83,0,,,,,,,,
2814,P,PROVEDEL,Spezia,7,4,,4,10,31,6.26,4.48,2,29,6.05,4.24,1,,,,,16,5.84,3.59,0
5005,P,ZOET,Spezia,1,2,,1,1,7,5.79,3.5,0,7,6.07,4.29,1,,,,,,,,
5528,P,ZOVKO,Spezia,1,1,,1,1,1,6,6,0,,,,,,,,,,,,
5332,D,BASTONI S.,Spezia,12,4,,5,22,29,6.12,6.41,5,21,6,6.26,7,,,,,,,,
5475,D,AMIAN,Spezia,6,2,,3,13,32,5.72,5.67,7,,,,,,,,,,,,
5693,D,KIWIOR,Spezia,6,2,,4,12,22,5.77,5.64,6,,,,,,,,,,,,
1847,D,CALDARA,Spezia,6,3,,4,10,30,5.87,5.82,9,4,5.88,5.75,1,14,5.77,5.81,1,0,0,0,0
630,D,SALA,Spezia,5,2,,3,7,15,5.83,5.93,3,6,5.25,5.17,1,16,5.57,5.54,1,21,5.87,5.79,5
2739,D,RECA,Spezia,5,3,,4,10,24,5.69,5.71,3,30,5.9,6.05,7,25,5.66,5.7,2,3,6.5,6.5,0
4329,D,NIKOLAOU,Spezia,4,2,,3,6,36,5.64,5.49,7,,,,,,,,,,,,
2312,D,HRISTOV,Spezia,3,1,,1,3,16,5.5,5.66,3,,,,,,,,,,,,
4983,D,FERRER,Spezia,3,1,,2,5,23,5.87,5.93,3,16,5.88,5.81,4,,,,,,,,
454,D,CAPRADOSSI,Spezia,2,1,,1,2,0,0,0,0,1,6.5,6.5,0,,,,,,,,
5678,D,HOLM,Spezia,2,2,,2,3,0,0,0,0,,,,,,,,,,,,
4985,D,VIGNALI,Spezia,1,1,,2,2,1,4.5,4.5,0,21,5.57,5.43,4,,,,,,,,
5820,D,BERTOLA,Spezia,1,1,,1,2,1,6.5,6.5,0,,,,,,,,,,,,
4988,C,MAGGIORE,Spezia,10,4,,4,23,35,6.07,6.2,9,32,6.09,6.36,3,,,,,,,,
4992,C,GYASI,Spezia,10,4,,4,23,36,5.78,6.08,10,36,5.96,6.4,4,,,,,,,,
4515,C,AGUDELO,Spezia,9,3,,3,15,23,5.89,6.26,1,27,5.89,6,4,13,5.85,5.9,3,,,,
5397,C,KOVALENKO,Spezia,7,3,,4,13,22,5.86,6.07,4,0,0,0,0,,,,,,,,
2391,C,EKDAL,Spezia,7,3,,3,9,25,5.78,5.68,9,30,5.88,5.97,9,32,5.88,5.82,8,32,6.02,5.92,6
2825,C,BOURABIA,Spezia,4,4,,4,5,8,6.06,6.38,1,11,5.86,6.09,2,17,5.68,5.47,5,32,5.82,5.77,7
4896,C,MALDINI,Spezia,2,4,,3,5,3,6.33,7.17,1,0,0,0,0,2,6,6,0,,,,
5476,C,KORNVIG,Spezia,2,1,,1,2,0,0,0,0,,,,,,,,,,,,
5519,C,SHER,Spezia,1,1,,1,1,1,6,6,0,,,,,,,,,,,,
5722,C,NGUIAMBA,Spezia,1,1,,1,1,2,6.25,6,1,,,,,,,,,,,,
215,A,VERDE,Spezia,18,4,,4,46,33,6.29,7.08,2,19,6.34,7.34,0,,,,,0,0,0,0
5336,A,NZOLA,Spezia,14,4,,4,40,16,5.88,6.28,2,25,6.22,7.56,5,,,,,,,,
5690,A,STRELEC,Spezia,6,2,,2,8,9,5.67,6,0,,,,,,,,,,,,
5673,A,ANTISTE,Spezia,3,1,,1,5,15,5.77,5.97,0,,,,,,,,,,,,
5716,A,PODGOREANU,Spezia,1,1,,1,1,2,5.75,6.25,0,,,,,,,,,,,,
316,P,BERISHA,Torino,11,4,MILINKOVIC-SAVIC V.,5,18,10,6.1,5.55,1,,,,,,,,,,,,
2170,P,MILINKOVIC-SAVIC V.,Torino,1,4,BERISHA,3,8,27,6.02,4.85,3,5,5.8,4.6,0,,,,,2,5.75,3.25,0
4525,P,GEMELLO,Torino,1,1,,1,1,1,6.5,6.5,0,,,,,,,,,,,,
4899,D,SINGO,Torino,14,5,LAZARO,5,33,35,6.17,6.44,5,27,5.91,6.02,2,4,6.33,7.33,0,,,,
4994,D,VOJVODA,Torino,9,3,AINA,4,16,29,6.02,6.07,3,19,5.71,6.03,4,,,,,,,,
4385,D,LAZARO,Torino,7,3,SINGO,3,13,0,0,0,0,,,,,,,,,,,,
2169,D,RODRIGUEZ R.,Torino,7,3,,4,11,32,5.86,5.84,3,16,5.41,5.38,1,5,5.8,5.8,0,35,5.84,5.83,5
5691,D,ZIMA,Torino,5,3,,3,8,18,5.89,5.81,3,,,,,,,,,,,,
2869,D,DJIDJI,Torino,5,2,,3,8,24,5.88,5.75,4,18,5.58,5.64,4,17,5.31,5.12,1,17,5.97,5.91,2
2865,D,AINA,Torino,5,3,VOJVODA,3,8,20,5.92,5.82,4,0,0,0,0,,,,,,,,
2724,D,BUONGIORNO,Torino,4,3,,4,6,18,5.86,5.81,5,12,5.67,5.5,4,0,0,0,0,,,,
226,D,IZZO,Torino,3,2,,3,4,9,5.83,5.61,4,25,5.96,6.14,3,31,5.79,5.74,5,37,6.23,6.5,6
5846,D,BAYEYE,Torino,1,1,,1,1,,,,,,,,,,,,,,,,
2009,C,LUKIC,Torino,13,4,,4,28,35,6.1,6.5,10,32,5.89,6.11,4,30,5.72,5.74,5,24,6.08,6.28,7
376,C,VERDI,Torino,13,4,,4,15,17,6.24,7.21,3,32,5.75,5.91,6,33,5.89,6.2,4,22,5.86,6.53,0
5063,C,RADONJIC,Torino,7,3,,4,12,,,,,,,,,,,,,,,,
5453,C,RICCI S.,Torino,7,2,,3,12,30,5.88,5.95,2,,,,,,,,,,,,
2008,C,LINETTY,Torino,5,2,,3,8,16,5.78,5.72,2,24,5.69,5.71,5,28,5.96,6.43,4,32,5.97,6.17,11
6005,C,ILKHAN,Torino,3,2,,2,5,,,,,,,,,,,,,,,,
4943,C,HORVATH,Torino,1,1,,1,2,,,,,,,,,,,,,,,,
479,A,SANABRIA,Torino,21,3,,4,75,25,6.18,6.88,3,14,5.93,7,2,,,,,,,,
2103,A,PELLEGRI,Torino,12,3,,3,15,10,5.9,6.15,1,,,,,,,,,,,,
315,A,ZAZA,Torino,5,2,,2,5,3,5.83,5.83,1,26,5.83,6.44,4,24,5.87,6.54,7,29,5.69,6.08,8
5806,A,SECK,Torino,3,3,,3,4,3,6,6,0,,,,,,,,,,,,
1839,A,EDERA,Torino,2,1,,2,1,0,0,0,0,1,6.5,6.5,0,13,5.61,5.83,2,7,5.5,5.4,1
2211,P,SILVESTRI,Udinese,10,4,,5,22,35,6.17,4.73,1,34,6.21,4.9,1,35,6.2,4.94,2,,,,
5707,P,PIANA,Udinese,1,1,,1,1,0,0,0,0,,,,,,,,,,,,
543,P,PADELLI,Udinese,1,1,,1,1,3,6.17,3.5,0,1,6,5,0,3,5.33,4,0,0,0,0,0
5355,D,UDOGIE,Udinese,13,4,,5,31,34,6,6.47,4,5,6,5.9,1,,,,,,,,
4412,D,RODRIGO BECAO,Udinese,10,4,,4,17,35,6.04,6.1,10,33,5.82,5.83,5,29,5.88,5.84,8,,,,
5677,D,PEREZ N.,Udinese,8,2,,3,14,20,5.75,5.65,6,,,,,,,,,,,,
5686,D,SOPPY,Udinese,7,3,,4,17,19,5.92,5.82,4,,,,,,,,,,,,
2280,D,NUYTINCK,Udinese,7,3,,3,7,26,6,6.12,2,19,6.24,6.37,1,26,6.15,6.12,2,27,5.87,5.76,4
49,D,MASINA,Udinese,6,3,,4,10,,,,,,,,,,,,,,,,
5847,D,BIJOL,Udinese,5,3,,4,14,,,,,,,,,,,,,,,,
5994,D,EBOSSE,Udinese,4,3,,3,9,,,,,,,,,,,,,,,,
4758,D,BENKOVIC,Udinese,4,2,,2,6,0,0,0,0,,,,,,,,,,,,
5848,D,EBOSELE,Udinese,2,3,,3,3,,,,,,,,,,,,,,,,
5849,D,BUTA,Udinese,1,1,,1,1,,,,,,,,,,,,,,,,
302,C,PEREYRA,Udinese,18,5,,5,57,23,6.15,6.41,8,34,6.29,6.76,8,,,,,,,,
5119,C,SAMARDZIC,Udinese,8,4,,3,12,13,6.12,6.73,0,,,,,,,,,,,,
5329,C,MAKENGO,Udinese,8,3,,4,11,33,5.91,5.98,5,13,5.81,5.77,1,,,,,,,,
2392,C,WALACE,Udinese,7,2,,4,9,35,5.89,5.86,6,28,5.91,5.84,4,20,5.88,5.82,2,,,,
5850,C,LOVRIC,Udinese,6,3,,3,12,,,,,,,,,,,,,,,,
5287,C,ARSLAN,Udinese,6,3,,2,8,29,6.02,5.97,9,29,5.91,6.07,9,,,,,,,,
434,C,JAJALO,Udinese,3,2,,2,3,12,5.88,5.88,2,1,5.5,5.5,0,26,5.94,5.77,6,,,,
5824,C,PAFUNDI,Udinese,1,1,,1,1,,,,,,,,,,,,,,,,
5694,A,BETO,Udinese,24,4,,4,94,28,6.11,7.27,1,,,,,,,,,,,,
2119,A,DEULOFEU,Udinese,24,5,,5,80,34,6.51,7.68,9,12,6,6.33,0,,,,,,,,
5676,A,SUCCESS,Udinese,13,3,,3,21,19,6.26,6.82,1,,,,,,,,,,,,
1943,A,NESTOROVSKI,Udinese,11,3,,2,8,5,6.2,6.8,1,14,6,6.5,1,28,5.86,6.24,4,,,,
4957,P,MONTIPO',Verona,11,3,,5,22,34,6.09,4.69,1,37,5.99,3.97,3,,,,,,,,
5890,P,CHIESA M.,Verona,1,1,,1,1,,,,,,,,,,,,,,,,
511,P,PERILLI,Verona,1,1,,1,1,,,,,,,,,,,,,,,,
4491,P,BERARDI A.,Verona,1,1,,1,1,1,6.5,3.5,0,1,6,6,0,0,0,0,0,,,,
581,D,FARAONI,Verona,13,4,,5,29,32,6.08,6.48,6,34,6.07,6.46,8,36,6.1,6.51,6,,,,
5851,D,DOIG,Verona,6,3,,3,7,,,,,,,,,,,,,,,,
1891,D,CECCHERINI,Verona,6,3,,4,13,34,5.88,5.79,10,28,5.91,5.66,10,15,5.85,5.7,3,15,5.77,5.65,3
2758,D,GUNTER,Verona,5,2,,5,11,30,5.8,5.57,10,25,5.98,5.98,4,32,5.81,5.69,7,14,5.67,5.62,1
4493,D,DAWIDOWICZ,Verona,4,2,,4,11,15,5.77,5.67,3,27,5.87,5.72,9,15,5.9,5.9,2,,,,
2769,D,MAGNANI,Verona,3,1,,1,5,14,5.79,5.61,3,23,6.09,5.83,8,10,5.67,5.92,3,19,6.11,6.11,2
5316,D,AMIONE,Verona,2,1,,1,4,0,0,0,0,0,0,0,0,,,,,,,,
5764,D,COPPOLA D.,Verona,2,1,,1,3,3,5.83,5.83,0,,,,,,,,,,,,
2668,D,RETSOS,Verona,1,1,,1,1,1,5.5,5.5,0,,,,,,,,,,,,
2172,C,BARAK,Verona,22,4,,5,70,29,6.31,7.48,4,34,6.09,6.69,5,24,5.89,6.18,1,8,5.4,5.4,0
4890,C,TAMEZE,Verona,14,4,,4,24,36,6.25,6.58,4,32,5.92,5.92,6,7,6.17,6.17,0,,,,
5007,C,ILIC,Verona,13,3,MIGUEL VELOSO,4,27,32,6.06,6.08,5,28,5.93,6.11,2,,,,,,,,
236,C,LAZOVIC,Verona,13,4,,5,24,34,6.22,6.49,2,31,6.15,6.58,3,38,6.2,6.57,4,33,5.95,6.32,2
2011,C,MIGUEL VELOSO,Verona,6,3,ILIC,3,9,21,6.05,6.02,5,19,6.05,6.45,1,34,6.06,6.32,6,21,5.81,5.69,7
5499,C,HONGLA,Verona,3,2,,3,7,13,5.77,5.88,3,,,,,,,,,,,,
5444,C,CORTINOVIS,Verona,2,1,,1,3,0,0,0,0,,,,,,,,,,,,
5789,C,PRASZELIK,Verona,1,1,,1,2,1,6,6,0,,,,,,,,,,,,
2061,A,SIMEONE,Verona,25,4,HENRY,3,48,35,6.17,7.54,8,29,5.71,6.34,1,37,6.01,7.01,4,36,5.66,6.23,2
5529,A,HENRY,Verona,18,4,SIMEONE,4,47,32,6,6.69,4,,,,,,,,,,,,
4359,A,PICCOLI,Verona,13,3,,3,18,8,5.69,6.06,0,14,6.07,7.14,0,1,5.5,5.5,0,2,5.5,5.5,0
90,A,LASAGNA,Verona,11,2,,3,27,26,5.92,6.25,1,34,5.63,5.97,1,36,5.86,6.71,1,36,5.69,6.13,2
5471,A,DJURIC,Verona,11,3,,3,16,32,6.05,6.55,6,,,,,,,,,,,,