Id,Role,Name,Squad,Price,Rating,Mate,Regularness,Pg19_20,Mv19_20,Mf19_20,Ass19_20,Amm19_20,Pg18_19,Mv18_19,Mf18_19,Ass18_19,Amm18_19
608,A,ZAPATA D.,Atalanta,40,5,,5,28,6.54,8,66,6,1,37,6.45,8,35,7;5
26,C,GOMEZ,Atalanta,28,4,,5,36,6.71,7.62,13,2,35,6.21,7.03,10,5
177,A,ILICIC,Atalanta,27,4,,5,26,6.56,8.46,4,1,31,6.39,7.55,6,4
507,A,MURIEL,Atalanta,27,2,,4,34,6.32,7.98,1,1,19,6,6.92,0,1
2160,D,GOSENS,Atalanta,24,4,,5,34,6.39,7.38,7,3,28,6.18,6.54,2,2
2077,C,PASALIC,Atalanta,17,2,,4,35,6.15,6.88,3,6,33,5.89,6.45,3,1
4427,C,MALINOVSKYI,Atalanta,17,3,,4,34,6.27,6.91,3,5,,,,0,
5001,C,MIRANCHUK,Atalanta,17,3,,3,,,,0,,,,,0,
610,P,GOLLINI,Atalanta,13,3,,5,33,6.15,4.83,0,3,20,6.22,5.15,0,1
695,D,TOLOI,Atalanta,12,3,,5,33,6.18,6.35,4,11,21,6.07,6.19,3,1
2130,D,HATEBOER,Atalanta,11,2,,5,32,5.88,5.85,4,10,35,6.06,6.57,5,5
788,C,FREULER,Atalanta,11,2,,5,31,6.05,6.23,1,3,35,6.16,6.33,2,4
22,C,DE ROON,Atalanta,9,2,,5,35,5.97,6.06,5,12,35,6.01,6.1,1,8
787,D,DJIMSITI,Atalanta,9,3,,3,34,6.07,6.21,1,5,24,5.84,5.86,1,3
2181,D,PALOMINO,Atalanta,9,2,,3,30,5.97,6.05,1,5,30,6.05,6.07,1,5
4307,D,ROMERO,Atalanta,9,2,,3,30,5.87,5.75,1,13,27,6,6,1,10
4435,A,COLLEY E.,Atalanta,8,3,,2,5,6,6.25,1,1,,,,0,
2741,C,PESSINA,Atalanta,7,2,,2,35,6.04,6.56,0,7,12,6.1,6.3,1,0
5006,D,PICCINI,Atalanta,7,1,,2,,,,0,,,,,0,
1847,D,CALDARA,Atalanta,6,3,,3,14,5.77,5.81,1,1,0,0,0,0,0
2739,D,RECA,Atalanta,3,1,,2,25,5.66,5.7,2,2,3,6.5,6.5,0,0
4888,D,SUTALO,Atalanta,3,1,,2,7,5.88,5.75,0,1,,,,0,
4,P,SPORTIELLO,Atalanta,1,1,,1,6,6.17,5.33,0,0,35,6.11,4.21,0,5
2297,P,ROSSI F.,Atalanta,1,1,,1,1,6,5,0,0,1,0,0,0,0
4862,A,TRAORE' AM.,Atalanta,1,2,,1,3,7,10,0,0,,,,0,
4887,D,BELLANOVA,Atalanta,1,1,,1,1,6,6,0,0,,,,0,
4431,P,CARNESECCHI,Atalanta,1,1,,1,,,,0,,,,,0,
1939,A,LAPADULA,Benevento,14,4,,5,25,6.1,7.27,0,8,8,5.67,6.08,0,1
1958,A,CAPRARI,Benevento,11,3,,5,30,5.94,6.42,0,3,21,6,6.93,2,1
440,C,VIOLA,Benevento,9,3,,4,,,,0,,,,,0,
1882,A,SAU,Benevento,8,2,,4,,,,0,,19,5.68,5.75,0,4
548,D,GLIK,Benevento,8,4,,5,,,,0,,,,,0,
4957,P,MONTIPO',Benevento,7,1,,5,,,,0,,,,,0,
627,C,IONITA,Benevento,6,1,,4,34,5.7,5.66,2,6,37,5.76,5.97,2,4
4958,D,CALDIROLA,Benevento,6,2,,5,,,,0,,,,,0,
74,D,LETIZIA,Benevento,6,1,,4,,,,0,,,,,0,
4963,A,INSIGNE R.,Benevento,6,1,,3,,,,0,,,,,0,
772,C,KRAGL,Benevento,5,1,,3,,,,0,,,,,0,
1915,C,TELLO,Benevento,5,1,,4,,,,0,,,,,0,
2265,C,SCHIATTARELLA,Benevento,4,2,,4,,,,0,,28,5.92,5.88,4,10
115,C,HETEMAJ,Benevento,3,1,,3,,,,0,,30,5.7,5.75,0,9
2853,A,MONCINI,Benevento,3,1,,3,4,5.33,5.33,0,0,1,0,0,0,0
394,D,MAGGIO,Benevento,3,1,,5,,,,0,,,,,0,
4960,D,TUIA,Benevento,3,1,,2,,,,0,,,,,0,
4962,A,IMPROTA,Benevento,3,1,,2,,,,0,,,,,0,
134,D,BARBA,Benevento,2,1,,2,,,,0,,30,5.6,5.45,0,5
2659,C,DABO,Benevento,2,2,,2,16,5.62,5.88,3,4,23,5.79,5.91,1,4
514,D,ANTEI,Benevento,2,1,,1,,,,0,,,,,0,
4955,P,GORI P.,Benevento,1,1,,1,,,,0,,,,,0,
4956,P,MANFREDINI,Benevento,1,1,,1,,,,0,,,,,0,
4959,D,FOULON,Benevento,1,1,,3,,,,0,,,,,0,
4961,D,VOLTA,Benevento,1,1,,1,,,,0,,,,,0,
2244,C,DEL PINTO,Benevento,1,1,,1,,,,0,,,,,0,
2719,A,BARROW,Bologna,23,4,,5,25,6.14,7.28,5,1,22,5.82,6,0,0
2167,A,ORSOLINI,Bologna,16,3,,5,37,5.92,6.69,6,3,35,6.19,7.03,4,2
2625,C,SORIANO,Bologna,13,4,,5,29,6.09,6.62,4,3,28,5.9,6.1,2,6
280,A,PALACIO,Bologna,10,3,SANSONE,4,35,6.09,6.72,3,5,28,6.3,6.73,6,6
537,A,SANSONE,Bologna,9,4,PALACIO,3,33,5.75,6.02,2,5,15,6,6.54,4,3
133,P,SKORUPSKI,Bologna,8,3,,5,37,5.99,4.31,0,2,38,6.11,4.62,0,1
2743,A,SANTANDER,Bologna,8,2,,2,24,5.61,5.61,0,6,32,6.03,6.9,3,5
4422,D,TOMIYASU,Bologna,8,4,,5,29,5.83,5.9,3,8,,,,0,
578,D,DANILO LAR.,Bologna,7,1,,5,30,5.95,5.97,0,9,35,6.01,6.04,0,4
2285,D,BANI,Bologna,7,2,,3,27,5.96,6.19,0,10,30,5.65,5.43,0,7
2746,D,DIJKS,Bologna,7,3,,4,13,5.73,5.54,0,5,25,6,5.98,0,5
4869,C,DOMINGUEZ,Bologna,7,2,,4,16,5.87,5.9,1,1,,,,0,
4393,C,SCHOUTEN,Bologna,6,1,,3,19,5.78,5.56,0,6,,,,0,
4415,A,SKOV OLSEN,Bologna,6,3,,2,26,5.62,5.76,0,2,,,,0,
669,C,DONSAH,Bologna,4,1,,1,0,0,0,0,0,6,5.75,5.75,0,0
2744,C,SVANBERG,Bologna,4,2,,2,25,5.94,6.11,1,2,23,5.67,5.71,2,2
272,C,MEDEL,Bologna,4,1,,5,23,5.91,5.65,0,10,,,,0,
4414,D,DENSWIL,Bologna,4,1,,2,26,5.38,5.16,0,5,,,,0,
50,D,MBAYE,Bologna,3,2,,2,20,5.63,5.61,2,5,23,5.8,5.96,0,5
374,C,POLI,Bologna,3,2,,4,28,5.91,6.04,0,5,30,6.11,6.48,1,5
2154,A,VIGNATO,Bologna,3,1,,1,,,,0,,10,6,6.4,1,0
4368,A,JUWARA,Bologna,3,2,,1,7,6.5,7.33,0,1,1,0,0,0,0
40,P,DA COSTA,Bologna,1,1,,1,1,6,5,0,0,0,0,0,0,0
4365,D,CORBO,Bologna,1,1,,1,2,4.75,4.5,0,1,1,0,0,0,0
4883,P,BREZA,Bologna,1,1,,1,0,0,0,0,0,,,,0,
4919,C,BALDURSSON,Bologna,1,2,,1,7,5.83,5.83,0,0,,,,0,
1874,A,JOAO PEDRO,Cagliari,25,3,,5,36,6.14,7.5,4,6,34,5.85,6.47,3,4
2061,A,SIMEONE,Cagliari,20,3,,4,37,6.01,7.01,3,4,36,5.66,6.23,3,2
247,A,PAVOLETTI,Cagliari,15,3,,3,2,5.5,5.5,0,0,32,6.09,7.53,1,6
2178,P,CRAGNO,Cagliari,11,5,,5,16,6.47,5.31,0,1,38,6.45,5.17,0,1
4514,C,NANDEZ,Cagliari,10,3,,5,35,6.27,6.33,3,14,,,,0,
4886,C,PEREIRO,Cagliari,10,3,SOTTIL,4,10,5.75,5.94,0,3,,,,0,
1866,D,CEPPITELLI,Cagliari,8,3,KLAVAN,4,16,6.03,6.13,0,5,24,5.92,5.81,1,5
2076,C,ROG,Cagliari,8,2,,5,30,6.1,6.07,1,10,9,6.07,6.29,0,3
2839,C,SOTTIL,Cagliari,8,2,PEREIRO,3,18,5.83,5.75,0,3,2,0,0,0,0
4333,A,DESPODOV,Cagliari,8,2,,2,0,0,0,0,0,4,5.67,5.67,0,0
4965,C,MARIN,Cagliari,7,3,,4,,,,0,,,,,0,
2279,D,ROMAGNA,Cagliari,5,1,,2,18,5.92,5.83,0,3,18,6.06,6,0,2
2871,D,KLAVAN,Cagliari,5,1,,3,31,5.73,5.59,0,4,15,5.9,5.83,0,2
306,A,CERRI,Cagliari,4,1,,2,19,5.73,6.07,0,2,15,5.61,5.5,0,3
1869,D,PISACANE,Cagliari,4,2,,3,30,5.74,5.71,0,6,27,5.83,5.87,1,6
2116,D,FARAGO',Cagliari,4,2,ZAPPA,4,21,5.82,5.84,1,3,26,5.83,5.81,1,7
2854,C,BRADARIC,Cagliari,4,1,,2,0,0,0,0,0,27,5.65,5.5,1,5
4374,D,WALUKIEWICZ,Cagliari,4,1,,4,14,5.64,5.61,0,1,,,,0,
1871,C,DEIOLA,Cagliari,3,1,,2,11,5.8,6.05,1,3,20,5.74,5.65,1,5
4327,C,OLIVA,Cagliari,3,1,,2,11,6.15,6.5,1,1,0,0,0,0,0
4461,D,ZAPPA,Cagliari,3,1,,3,0,0,0,0,0,,,,0,
2653,D,LYKOGIANNIS,Cagliari,2,1,,5,20,5.74,5.68,1,4,11,5.5,5.55,1,1
1876,D,PAJAC,Cagliari,1,1,,2,11,5.65,5.6,0,1,13,6,6.35,1,5
1946,P,ARESTI,Cagliari,1,1,,1,0,0,0,0,0,0,0,0,0,0
4925,D,CARBONI,Cagliari,1,2,,1,7,5.5,5,0,2,,,,0,
4929,P,CIOCCI,Cagliari,1,1,,1,0,0,0,0,0,,,,0,
4935,C,LADINETTI,Cagliari,1,1,,1,3,6.33,6.33,0,0,,,,0,
4964,P,VICARIO,Cagliari,1,1,,1,,,,0,,,,,0,
1997,A,SIMY,Crotone,13,3,,5,,,,0,,,,,0,
428,C,BENALI,Crotone,9,3,,5,,,,0,,,,,0,
5009,A,RIVIERE,Crotone,9,2,MESSIAS,3,,,,0,,,,,0,
4970,A,MESSIAS,Crotone,8,2,RIVIERE,4,,,,0,,,,,0,
1889,P,CORDAZ,Crotone,6,2,,5,,,,0,,,,,0,
1851,C,MOLINA S.,Crotone,6,1,,4,,,,0,,,,,0,
5002,C,VULIC,Crotone,6,1,,4,,,,0,,,,,0,
20,C,CIGARINI,Crotone,5,3,,4,22,6.02,5.98,3,6,25,5.87,5.72,1,9
84,D,MARRONE,Crotone,5,3,,5,0,0,0,0,0,,,,0,
423,D,RISPOLI,Crotone,5,3,MUSTACCHIO,4,28,5.66,5.54,0,6,,,,0,
4967,D,GOLEMIC,Crotone,5,1,,5,,,,0,,,,,0,
5000,D,MAGALLAN,Crotone,5,1,,5,,,,0,,,,,0,
5008,C,EDUARDO HENRIQUE,Crotone,5,1,,3,,,,0,,,,,0,
1950,D,MAZZOTTA,Crotone,4,1,,3,,,,0,,,,,0,
2286,C,CROCIATA,Crotone,4,1,,3,,,,0,,,,,0,
2143,D,CUOMO,Crotone,3,1,,2,,,,0,,,,,0,
4966,D,GIGLIOTTI,Crotone,3,1,,2,,,,0,,,,,0,
5011,A,DRAGUS,Crotone,3,1,,1,,,,0,,,,,0,
2316,C,ZANELLATO,Crotone,2,1,,1,,,,0,,,,,0,
78,D,SPOLLI,Crotone,1,1,,1,,,,0,,7,5.43,5,0,2
1890,P,FESTA,Crotone,1,1,,1,,,,0,,,,,0,
4968,C,GOMELT,Crotone,1,1,,1,,,,0,,,,,0,
4969,C,MUSTACCHIO,Crotone,1,1,,3,,,,0,,,,,0,
5003,A,KARGBO,Crotone,1,1,,1,,,,0,,,,,0,
2002,C,CHIESA,Fiorentina,23,4,,5,34,6.31,7.15,5,7,37,6.24,6.73,2,4
2841,A,VLAHOVIC,Fiorentina,18,3,KOUAME,3,30,5.91,6.46,0,4,10,5.62,5.62,0,0
2409,A,RIBERY,Fiorentina,18,2,,5,21,6.5,6.95,3,3,,,,0,
2762,A,KOUAME',Fiorentina,16,4,VLAHOVIC,4,18,6.31,7.44,3,1,38,6.07,6.46,5,4
4377,C,CASTROVILLI,Fiorentina,15,4,,5,33,6.35,6.53,2,10,,,,0,
2164,D,MILENKOVIC,Fiorentina,14,4,,5,37,6.18,6.46,0,9,34,5.93,6.06,0,7
644,C,PULGAR,Fiorentina,14,4,,3,37,6.09,6.64,6,9,28,5.96,6.46,2,6
367,C,BONAVENTURA,Fiorentina,14,3,,3,29,6.12,6.62,5,2,8,6.12,7.25,0,0
1917,P,DRAGOWSKI,Fiorentina,12,5,,5,31,6.21,5,0,1,17,6.44,5.03,0,2
2155,A,CUTRONE,Fiorentina,12,3,,3,19,5.94,6.64,1,1,34,5.83,6.17,2,2
2309,D,PEZZELLA GER.,Fiorentina,10,3,,5,33,6.06,6.16,0,12,32,6.03,6.09,1,6
4522,C,AMRABAT,Fiorentina,10,2,,4,34,6.29,6.21,1,10,,,,0,
252,D,BIRAGHI,Fiorentina,8,4,,5,25,5.98,6.43,6,3,36,5.89,6,5,8
2006,D,LIROLA,Fiorentina,8,2,,3,35,5.83,5.83,2,4,35,5.99,6.21,7,2
150,C,SAPONARA,Fiorentina,7,3,,2,17,6,6.47,3,3,22,6.12,6.52,4,3
287,D,CACERES,Fiorentina,7,2,,4,27,5.98,5.91,0,8,13,5.79,5.75,0,1
526,C,DUNCAN,Fiorentina,7,3,,3,26,6.08,6.44,5,5,26,6.1,6.6,4,6
4407,D,IGOR,Fiorentina,5,1,,2,26,5.75,5.62,1,9,,,,0,
1891,D,CECCHERINI,Fiorentina,4,1,,2,15,5.85,5.7,0,3,15,5.77,5.65,0,3
4515,C,AGUDELO,Fiorentina,4,1,,1,13,5.85,5.9,0,3,,,,0,
2174,D,VENUTI,Fiorentina,3,1,,1,16,5.81,5.73,1,4,0,0,0,0,0
2075,C,CRISTOFORO,Fiorentina,1,1,,1,1,5.5,5.5,0,0,0,0,0,0,0
2815,P,TERRACCIANO,Fiorentina,1,1,,1,7,6.36,5.64,0,0,10,6.35,5.05,0,0
4351,P,BRANCOLINI,Fiorentina,1,1,,1,1,0,0,0,0,0,0,0,0,0
2759,D,CRISCITO,Genoa,14,4,,5,26,6,6.58,0,7,35,6.01,6.1,4,12
2038,A,PINAMONTI,Genoa,11,3,,2,32,5.7,6.12,1,1,27,5.8,6.48,3,2
2124,C,ZAJC,Genoa,11,4,,4,,,,0,,20,5.98,6.45,2,1
245,A,PANDEV,Genoa,10,3,,5,34,6.28,7.19,2,4,26,6.05,6.6,2,6
472,A,DESTRO,Genoa,9,1,,2,13,5.67,5.61,0,2,17,6.28,7.56,1,3
218,P,PERIN,Genoa,8,3,,5,21,6.12,4.29,0,1,9,5.89,4.94,0,1
4512,C,SCHONE,Genoa,8,3,,5,32,5.95,6.03,2,5,,,,0,
244,D,GHIGLIONE,Genoa,6,2,ZAPPACOSTA,3,25,5.91,6.04,5,4,9,5.83,5.94,0,4
365,D,ZAPATA C.,Genoa,5,1,,3,20,5.66,5.61,0,4,13,6.08,5.92,0,4
819,A,FAVILLI,Genoa,5,1,,2,20,5.7,5.57,0,4,6,5.7,5.9,1,0
2083,D,BIRASCHI,Genoa,5,1,,4,24,5.65,5.46,0,3,34,5.81,5.68,0,3
2213,C,CASSATA,Genoa,5,1,,3,24,5.66,5.66,0,9,19,5.83,6,2,8
4330,C,LERAGER,Genoa,5,1,,3,21,5.71,5.79,1,5,14,5.68,5.75,0,4
4384,C,JAGIELLO,Genoa,5,1,,2,11,6,6.2,2,0,,,,0,
15,D,MASIELLO,Genoa,4,1,,4,22,5.8,5.73,1,5,24,5.83,5.67,1,5
305,C,STURARO,Genoa,4,2,,4,16,5.78,5.81,1,7,5,5.7,6.1,0,0
2302,C,BEHRAMI,Genoa,4,1,,2,17,5.74,5.62,0,2,19,6.06,6.06,0,6
4881,D,CZYBORRA,Genoa,4,1,,2,1,6,6,0,0,,,,0,
118,C,RADOVANOVIC,Genoa,3,1,,2,19,5.84,5.75,0,3,35,5.66,5.53,0,9
1982,C,PARIGINI,Genoa,3,1,,1,0,0,0,0,0,17,5.75,5.67,0,2
4529,D,ANKERSEN,Genoa,3,1,,3,19,5.84,5.84,1,2,,,,0,
318,P,MARCHETTI,Genoa,1,1,,1,0,0,0,0,0,4,5.75,3.12,0,1
2208,D,JAROSZYNSKI,Genoa,1,1,,1,0,0,0,0,0,19,5.63,5.58,0,2
2664,D,EL YAMIQ,Genoa,1,1,,1,3,5,4.83,0,1,0,0,0,0,0
2531,A,LUKAKU,Inter,42,5,,5,36,6.42,8.33,1,2,,,,0,
2764,A,MARTINEZ L.,Inter,30,3,,4,35,6.21,7.29,3,7,27,6.07,6.84,1,4
2475,A,SANCHEZ,Inter,24,3,,3,22,6.44,7.5,8,2,,,,0,
467,C,NAINGGOLAN,Inter,22,3,,2,26,6.4,7.19,5,5,29,6.21,6.91,3,3
4160,D,HAKIMI,Inter,20,5,,5,,,,0,,,,,0,
250,P,HANDANOVIC,Inter,18,4,,5,35,6.16,5.3,0,2,38,6.18,5.32,0,0
2556,C,ERIKSEN,Inter,17,3,,4,17,5.92,6.31,2,0,,,,0,
322,D,DE VRIJ,Inter,15,4,,5,34,6.29,6.6,1,5,28,6.07,6.18,0,2
2214,D,KOLAROV,Inter,14,3,,4,32,6.02,6.52,3,6,33,6.06,6.7,1,6
265,C,BROZOVIC,Inter,13,2,,5,32,6.28,6.58,5,9,32,5.91,5.94,1,10
2120,D,BASTONI,Inter,12,4,,4,25,5.98,6.04,0,7,24,5.95,6.05,0,2
1870,C,BARELLA,Inter,12,3,,4,27,6.07,6.09,3,11,35,6.13,6.07,4,8
1978,C,SENSI,Inter,12,4,,3,12,6.29,7.04,1,2,28,6.05,6.27,4,8
704,C,PERISIC,Inter,12,3,,2,0,0,0,0,0,34,6.03,6.72,4,5
2707,D,YOUNG,Inter,12,4,,4,18,6.12,7.03,4,1,,,,0,
2572,D,GODIN,Inter,9,3,,3,23,6.05,6.11,1,5,,,,0,
253,D,D'AMBROSIO,Inter,8,4,,3,22,6.08,6.58,0,6,30,5.95,6.19,4,6
798,D,SKRINIAR,Inter,8,4,,3,32,6.14,5.94,0,7,35,6.1,5.99,0,4
181,C,VECINO,Inter,7,1,,2,20,5.97,6.25,1,4,30,5.85,6.07,1,8
332,C,CANDREVA,Inter,7,3,,2,32,6.22,6.87,7,5,18,6,6.27,0,0
801,C,GAGLIARDINI,Inter,7,1,,2,24,5.94,6.33,0,5,19,6.1,6.97,0,4
2289,D,DALBERT,Inter,4,3,,2,31,5.85,5.82,4,8,11,5.73,5.73,1,2
4463,A,ESPOSITO,Inter,3,1,,2,7,5.83,6.67,0,1,,,,0,
261,D,RANOCCHIA,Inter,2,1,,1,7,6.21,6,0,3,4,6,5.75,0,1
295,D,ASAMOAH,Inter,2,1,,1,8,6.12,6.19,1,1,32,6.02,5.95,1,6
4411,C,AGOUME,Inter,2,1,,1,3,6,5.75,0,1,,,,0,
543,P,PADELLI,Inter,1,1,,1,3,5.33,4,0,0,0,0,0,0,0
1843,P,RADU I.,Inter,1,1,,1,17,6.03,4,1,1,33,6.3,5,0,0
4897,D,PIROLA,Inter,1,1,,1,1,0,0,0,0,,,,0,
4972,D,VAGIANNIDIS,Inter,1,1,,1,,,,0,,,,,0,
2610,A,RONALDO,Juventus,48,4,,5,33,6.56,9.33,3,3,31,6.48,8.6,7,3
309,A,DYBALA,Juventus,31,3,,5,33,6.67,7.84,7,5,30,5.94,6.56,2,2
2833,C,KULUSEVSKI,Juventus,26,2,DOUGLAS,4,36,6.42,7.43,8,3,3,5.5,5.5,0,0
453,P,SZCZESNY,Juventus,17,4,,5,29,6.19,5.14,0,1,28,6.14,5.54,0,0
4428,D,DE LIGT,Juventus,15,3,,4,29,6.05,6.38,0,5,,,,0,
4285,C,ARTHUR,Juventus,15,3,,4,,,,0,,,,,0,
286,D,BONUCCI,Juventus,13,3,,5,35,6.27,6.4,0,9,29,6.02,6.29,0,2
697,D,CUADRADO,Juventus,13,4,,4,33,6.05,6.18,3,7,18,5.78,5.97,2,4
2166,C,BENTANCUR,Juventus,13,3,,5,30,6.12,6.21,7,9,31,5.91,6.03,2,7
662,D,ALEX SANDRO,Juventus,12,3,,4,29,5.97,6.07,2,4,31,6.05,6.14,3,7
2200,C,DOUGLAS COSTA,Juventus,12,4,KULUSEVSKI,3,23,6.25,6.61,4,1,17,6.04,6.15,0,1
2472,C,RAMSEY,Juventus,12,3,,4,24,6.02,6.41,0,2,,,,0,
288,D,CHIELLINI,Juventus,11,3,,3,4,6.12,6.88,0,0,25,6.35,6.46,1,3
184,C,BERNARDESCHI,Juventus,10,3,,3,29,5.5,5.56,1,6,28,6.04,6.26,3,5
2379,C,RABIOT,Juventus,10,2,,4,28,5.91,5.93,1,5,,,,0,
294,D,RUGANI,Juventus,6,1,,2,10,5.31,5.19,0,2,15,5.93,6.23,0,3
4332,D,DEMIRAL,Juventus,6,4,KULUSEVSKI,3,6,6.25,6.83,1,1,14,6.29,6.61,0,3
4973,C,MCKENNIE,Juventus,6,3,,3,,,,0,,,,,0,
358,D,DE SCIGLIO,Juventus,5,2,,3,9,6,5.93,0,1,22,6.02,6.02,1,2
2728,D,PELLEGRINI LU.,Juventus,5,3,,3,24,6.04,6.04,5,10,16,5.91,5.84,2,4
4237,D,DANILO,Juventus,5,2,,3,22,5.77,5.95,0,2,,,,0,
299,C,KHEDIRA,Juventus,4,1,,2,12,5.92,5.88,1,3,10,6.1,6.7,0,0
1998,A,PJACA,Fiorentina,3,3,,3,0,0,0,0,0,19,5.7,5.93,1,1
1930,P,PINSOGLIO,Juventus,1,1,,1,1,6,6,0,0,1,5.5,3.5,0,0
282,P,BUFFON,Juventus,1,1,,1,9,6.11,5,0,0,,,,0,
785,A,IMMOBILE,Lazio,49,3,,5,37,6.57,9.49,7,8,36,6.04,7.41,6,6
2085,C,LUIS ALBERTO,Lazio,25,4,,5,36,6.46,7.31,15,5,27,5.98,6.48,5,5
495,A,CORREA,Lazio,23,3,,4,30,6.27,7.13,2,0,34,6.26,6.78,5,5
645,C,MILINKOVIC-SAVIC,Lazio,19,4,,5,37,6.19,6.72,3,9,31,5.87,6.31,3,7
2284,A,CAICEDO,Lazio,17,2,,3,30,6.09,6.86,1,7,28,6.15,7.2,2,4
1934,P,STRAKOSHA,Lazio,15,5,,5,38,6.21,5.16,0,2,35,6.17,5.09,0,4
513,D,ACERBI,Lazio,15,3,,5,36,6.26,6.43,2,4,37,6.14,6.31,0,3
5012,A,MURIQI,Lazio,12,3,,3,,,,0,,,,,0,
2263,C,LAZZARI,Lazio,11,4,,5,32,6.19,6.16,2,6,33,6.35,6.48,8,7
329,D,RADU,Lazio,8,2,,4,29,5.93,5.9,0,8,28,5.8,5.75,1,5
338,C,LULIC,Lazio,8,3,,3,20,5.95,5.9,2,6,35,5.9,6.2,1,5
2335,D,LUIZ FELIPE,Lazio,8,2,,4,26,6,6.04,1,6,17,5.94,6.06,1,4
2209,C,LUCAS LEIVA,Lazio,8,1,,4,25,6.04,5.88,1,8,27,6,5.94,2,7
333,C,CATALDI,Lazio,5,3,,3,21,6.09,6.22,0,3,12,6.09,6.64,1,2
342,C,PAROLO,Lazio,5,2,,3,29,5.86,5.82,0,8,34,6.17,6.55,3,7
2062,D,BASTOS,Lazio,5,1,,3,16,5.82,5.75,0,4,18,5.82,5.91,0,3
4424,C,JONY,Lazio,5,1,,3,24,5.76,5.71,1,4,,,,0,
4975,C,ESCALANTE,Lazio,5,1,,2,,,,0,,,,,0,
327,D,PATRIC,Lazio,4,1,,3,21,5.83,5.74,0,2,15,5.75,5.71,0,1
2188,C,MARUSIC,Lazio,4,2,,3,15,6.14,6.54,1,3,26,5.8,5.88,1,2
170,C,BADELJ,Genoa,3,2,,3,22,5.65,5.72,0,1,23,5.82,5.73,0,6
1999,D,LUKAKU J.,Lazio,3,3,,2,13,6.09,6.18,2,2,7,5.79,5.71,0,1
4397,D,VAVRO,Lazio,3,1,,2,11,5.78,5.78,0,0,,,,0,
4388,A,ADEKANYE,Lazio,2,1,,1,11,6.12,6.75,0,1,,,,0,
387,P,REINA,Lazio,1,1,,1,1,6.5,8.5,0,0,4,6.38,5.12,0,0
2007,D,WALLACE,Lazio,1,1,,1,0,0,0,0,0,16,5.57,5.2,0,3
2107,C,KIYINE,Lazio,1,1,,1,,,,0,,23,5.92,5.81,1,7
2770,P,PROTO,Lazio,1,1,,1,0,0,0,0,0,2,6,3.75,0,1
4366,D,ARMINI,Lazio,1,1,,1,1,0,0,0,0,1,5.5,5.5,0,0
2530,A,IBRAHIMOVIC,Milan,35,4,,5,18,6.53,8.17,3,1,,,,0,
186,A,REBIC,Milan,27,3,,4,26,6.3,7.8,2,5,,,,0,
2194,C,CALHANOGLU,Milan,24,4,,5,35,6.3,7.24,9,6,36,5.91,6.27,5,3
4292,D,HERNANDEZ T.,Milan,21,5,,5,33,6.33,6.73,2,10,,,,0,
350,P,DONNARUMMA G.,Milan,16,5,,5,36,6.26,5.39,0,3,36,6.33,5.47,0,4
4510,A,RAFAEL LEAO,Milan,14,3,,3,31,6.07,6.78,1,0,,,,0,
460,D,ROMAGNOLI,Milan,13,3,,5,35,6.11,6.14,0,4,32,6.27,6.28,0,5
2692,C,CASTILLEJO,Milan,13,3,SAELEMAKERS,3,22,6.21,6.61,3,3,31,5.95,6.55,2,3
4825,C,DIAZ B.,Milan,13,3,,3,,,,0,,,,,0,
1850,C,KESSIE',Milan,10,3,,5,35,5.8,6.1,0,3,34,6.06,6.62,2,8
4449,C,TONALI,Milan,9,3,,4,35,6.04,6.2,7,9,,,,0,
2818,C,BENNACER,Milan,8,2,,3,31,6.03,5.9,0,14,37,5.9,5.86,2,7
2633,D,KJAER,Milan,8,2,,5,20,6,5.9,0,4,,,,0,
2168,D,MUSACCHIO,Milan,7,1,,3,18,5.72,5.56,0,4,29,6.02,6.09,0,2
4322,C,PAQUETA',Milan,6,2,,2,24,5.62,5.5,1,7,13,6.12,6.19,1,4
4892,C,SAELEMAEKERS,Milan,6,3,CASTILLEJO,3,13,6,6.08,0,2,,,,0,
11,D,CONTI,Milan,5,3,CALABRIA,4,23,5.69,5.6,2,8,12,5.78,5.83,2,3
148,C,KRUNIC,Milan,5,1,,2,15,5.77,5.73,1,3,33,6,6.5,6,7
357,D,CALABRIA,Milan,5,3,CONTI,3,25,5.76,5.8,1,2,26,5.9,5.96,1,5
4511,D,DUARTE,Milan,3,1,,2,6,5.6,5.4,0,2,,,,0,
235,D,LAXALT,Milan,2,1,,2,20,5.67,5.63,1,4,20,5.77,5.69,0,2
216,P,DONNARUMMA AN.,Milan,1,1,,1,0,0,0,0,0,0,0,0,0,0
4401,D,GABBIA,Milan,1,2,,2,9,5.83,5.78,0,1,,,,0,
4923,A,COLOMBO,Milan,1,1,,1,1,0,0,0,0,,,,0,
160,P,TATARUSANU,Milan,1,1,,1,,,,0,,,,,0,
4976,D,KALULU,Milan,1,1,,1,,,,0,,,,,0,
410,A,MERTENS,Napoli,25,3,OHSIMEN,3,31,6.18,7.16,6,5,35,6.31,7.96,10,1
2012,A,MILIK,Napoli,24,2,,2,26,6.1,7.27,0,5,35,6.07,7.53,2,4
4661,A,OSIMHEN,Napoli,24,4,MERTENS,4,,,,0,,,,,0,
409,A,INSIGNE,Napoli,23,4,,5,37,6.19,6.93,4,1,28,6.07,7.07,5,6
392,D,KOULIBALY,Napoli,14,4,,5,25,5.88,5.62,0,7,35,6.27,6.31,1,9
2775,C,RUIZ,Napoli,14,4,,4,33,5.97,6.39,6,2,27,6.3,6.89,3,2
459,D,MANOLAS,Napoli,13,3,,4,26,5.98,6.42,0,2,27,6.06,6.06,0,6
536,C,POLITANO,Napoli,13,4,LOZANO,4,26,5.93,6.27,2,1,36,6.04,6.51,5,4
383,A,PETAGNA,Napoli,13,2,,3,36,5.93,6.72,1,5,36,6.1,7.32,0,8
152,C,ZIELINSKI,Napoli,12,3,,4,37,5.99,6.18,3,4,36,6.15,6.62,2,6
2816,D,DI LORENZO,Napoli,12,3,,5,33,5.88,6.17,3,5,37,6.03,6.41,3,8
4517,A,LOZANO,Napoli,11,4,POLITANO,3,26,5.92,6.4,1,3,,,,0,
311,A,LLORENTE,Napoli,10,2,,1,17,6.05,6.91,1,1,,,,0,
550,D,MAKSIMOVIC,Napoli,9,2,,3,22,5.86,6,1,2,17,5.88,5.76,0,4
4479,C,ELMAS,Napoli,9,3,,3,26,5.97,6.03,1,7,,,,0,
142,D,MARIO RUI,Napoli,8,2,,4,24,5.85,5.74,2,9,20,5.82,5.87,1,4
572,P,MERET,Napoli,8,3,,3,22,6.16,4.8,0,0,14,6.18,5.46,0,0
2468,P,OSPINA,Napoli,8,3,,4,17,6.09,5.09,0,0,17,6.06,4.88,0,0
4409,D,RRAHMANI,Napoli,7,3,,2,36,5.94,5.9,1,5,,,,0,
4725,C,DEMME,Napoli,7,3,,4,15,5.93,5.93,0,6,,,,0,
140,D,HYSAJ,Napoli,6,2,,3,20,5.87,6.05,2,3,27,5.76,5.76,2,4
2776,A,YOUNES,Napoli,6,1,,2,9,5.88,6.5,0,1,12,6.27,7.23,2,1
2195,A,OUNAS,Napoli,5,1,,1,0,0,0,0,0,18,6,6.75,0,0
4287,C,LOBOTKA,Napoli,5,1,,1,14,6.12,6.12,0,0,,,,0,
2860,D,MALCUIT,Napoli,4,1,,1,4,6,6,0,0,24,6.11,6.15,2,3
390,D,GHOULAM,Napoli,3,2,,1,9,5.94,5.94,1,2,16,6,6.33,3,2
393,D,LUPERTO,Napoli,2,1,,1,9,5.64,5.5,0,2,12,5.65,5.65,0,0
2845,P,CONTINI,Napoli,1,1,,1,,,,0,,0,0,0,0,0
123,A,INGLESE,Parma,15,3,CORNELIUS,4,17,5.81,6.34,0,1,25,6.14,7.24,2,3
2163,A,CORNELIUS,Parma,15,3,INGLESE,3,26,6.2,7.83,2,1,0,0,0,0,0
474,A,GERVINHO,Parma,14,3,KARAMOH,5,31,5.95,6.63,4,3,30,6.09,7.24,2,3
234,C,KUCKA,Parma,13,4,,5,26,6.02,6.67,2,4,18,5.94,6.56,2,4
28,C,KURTIC,Parma,9,3,,3,36,5.92,6.14,1,10,30,6.13,6.75,5,9
73,D,GAGLIOLO,Parma,9,3,,4,32,6,6.27,3,7,34,5.87,5.68,1,7
159,P,SEPE,Parma,9,2,,5,34,6.26,4.96,0,1,37,6.09,4.43,0,1
1864,D,BRUNO ALVES,Parma,8,2,,5,33,5.97,5.91,0,4,33,6.03,6.21,1,8
2525,D,DARMIAN,Parma,7,2,LAURINI,4,33,5.92,5.95,1,6,,,,0,
2801,D,IACOPONI,Parma,6,3,,5,36,5.89,5.96,0,7,38,5.71,5.66,0,4
4423,C,HERNANI,Parma,6,3,,4,32,5.98,5.95,4,10,,,,0,
27,C,GRASSI,Parma,5,2,,3,16,5.93,6,1,6,7,5.83,5.83,0,0
770,D,PEZZELLA GIU.,Parma,5,3,,3,23,5.71,5.66,0,2,9,5.2,4.9,0,1
2325,A,KARAMOH,Parma,5,3,,2,14,5.64,6,1,0,1,0,0,0,0
430,C,BRUGMAN,Parma,5,2,,4,22,6,5.95,1,5,,,,0,
141,D,LAURINI,Parma,4,3,DARMIAN,3,15,5.73,5.73,2,4,15,5.81,5.65,0,4
637,A,SILIGARDI,Parma,4,1,,2,12,6.08,6.25,1,0,29,6,6.15,2,2
2804,C,SCOZZARELLA,Parma,4,2,,3,16,6.17,6.3,3,2,22,5.92,5.87,3,8
139,D,DERMAKU,Parma,3,2,,2,16,6.07,6,0,2,,,,0,
2773,A,SPROCATI,Parma,2,1,,2,20,5.77,6,0,0,16,5.67,5.92,0,0
412,P,COLOMBI,Parma,1,1,,1,4,6.25,5.25,0,0,,,,0,
654,P,ALASTRA,Parma,1,1,,1,0,0,0,0,0,,,,0,
647,A,DZEKO,Roma,31,3,,4,35,6.59,8.01,4,4,33,6,6.83,5,9
2529,C,MKHITARYAN,Roma,24,5,,5,22,6.25,7.59,5,5,,,,0,
2766,C,ZANIOLO,Roma,17,1,,2,26,6.16,6.8,2,8,27,6.13,6.5,2,8
2489,A,PEDRO,Roma,16,4,PEREZ,4,,,,0,,,,,0,
530,C,PELLEGRINI LO.,Roma,15,3,,5,27,6.2,6.5,9,6,25,6.18,6.46,4,6
2215,C,VERETOUT,Roma,15,4,,5,33,6.28,6.75,0,6,33,6.06,6.27,2,12
2201,C,UNDER,Roma,14,3,,3,18,6.13,6.7,0,2,26,5.96,6.59,6,1
4419,P,PAU LOPEZ,Roma,13,3,,4,32,6.08,4.72,0,3,,,,0,
2296,D,MANCINI,Roma,10,3,,5,32,6.03,5.88,0,14,30,6.22,6.69,1,5
1852,D,SPINAZZOLA,Roma,10,5,,5,24,6.25,6.43,2,2,10,6,6.11,1,0
58,C,DIAWARA,Roma,9,2,,3,22,6.02,6.08,0,4,13,5.82,5.64,0,4
237,C,PEROTTI,Roma,9,3,,3,21,6.03,7,3,3,13,6,7.04,0,3
4331,D,IBANEZ,Roma,9,2,,5,9,5.94,5.83,0,2,1,0,0,0,0
546,D,BRUNO PERES,Roma,9,4,,4,16,6.03,6.47,2,3,,,,0,
4884,A,CARLES PEREZ,Roma,9,3,PEDRO,3,14,5.96,6.38,3,2,,,,0,
779,C,CRISTANTE,Roma,8,2,,3,26,5.77,5.81,2,7,35,5.87,6.13,2,10
2779,C,KLUIVERT,Roma,8,3,,3,22,6.05,6.48,0,4,29,5.88,6.21,6,2
256,D,JUAN JESUS,Roma,5,1,,2,4,5,4.67,0,2,20,5.78,5.72,0,4
2016,D,FAZIO,Roma,5,1,,2,16,5.7,5.77,0,2,34,5.85,6.21,0,6
2378,C,PASTORE,Roma,5,2,,2,11,6.06,6.06,0,0,14,5.92,6.75,1,0
262,D,SANTON,Roma,3,1,,3,15,5.73,5.59,0,4,17,5.69,5.77,1,0
2180,D,KARSDORP,Roma,3,1,,2,0,0,0,0,0,11,5.78,5.72,0,1
4885,C,VILLAR,Roma,2,2,,2,9,5.75,5.58,0,3,,,,0,
41,P,MIRANTE,Roma,1,1,,2,5,6.5,5.5,0,0,11,6.55,6.27,0,0
4945,D,CALAFIORI,Roma,1,1,,1,1,6.5,6.5,0,0,,,,0,
568,A,QUAGLIARELLA,Sampdoria,20,3,,5,28,6,7.04,3,2,37,6.43,8.64,7,1
407,A,GABBIADINI,Sampdoria,17,3,,4,33,6.09,7.12,1,2,18,6,6.66,1,5
2287,C,RAMIREZ,Sampdoria,16,5,DEPAOLI,3,26,6,6.85,2,5,27,5.92,6.38,4,6
505,A,BONAZZOLI,Sampdoria,13,4,,3,19,6.22,7.19,0,1,,,,0,
1987,C,JANKTO,Sampdoria,11,3,,5,30,6,6.2,4,8,25,5.59,5.53,0,2
761,P,AUDERO,Sampdoria,8,4,,5,36,6.03,4.29,0,1,36,6.04,4.65,0,4
600,C,VERRE,Sampdoria,8,2,,3,32,5.95,6.25,2,4,0,0,0,0,0
2391,C,EKDAL,Sampdoria,8,2,,4,32,5.88,5.82,2,8,32,6.02,5.92,0,6
2784,D,COLLEY,Sampdoria,8,2,,3,31,5.76,5.63,1,10,21,5.93,5.88,0,0
4404,C,THORSBY,Sampdoria,8,3,,4,24,5.74,5.63,1,7,,,,0,
4421,D,AUGELLO,Sampdoria,7,3,,5,17,6.06,6.12,2,2,,,,0,
4895,D,YOSHIDA,Sampdoria,7,4,,5,14,5.89,5.93,1,1,,,,0,
144,D,TONELLI,Sampdoria,6,3,,4,9,5.83,5.61,0,4,19,5.84,5.74,0,6
2141,D,DEPAOLI,Sampdoria,6,2,,3,29,5.85,5.78,1,7,33,5.75,5.66,4,10
4978,C,DAMSGAARD,Sampdoria,6,2,,3,,,,0,,,,,0,
1868,D,MURRU,Torino,5,2,,3,28,5.54,5.35,0,4,35,5.82,5.84,5,9
2104,D,BERESZYNSKI,Sampdoria,5,2,,5,28,5.5,5.25,0,10,27,5.66,5.6,2,5
447,A,LA GUMINA,Sampdoria,4,1,,2,5,5.67,5.67,0,0,22,5.76,6.21,2,1
2855,C,VIEIRA,Sampdoria,4,2,,3,27,5.65,5.46,1,11,14,5.8,5.7,0,3
45,D,FERRARI A.,Sampdoria,3,1,,2,12,5.83,5.67,0,4,6,5.67,5.5,0,2
4403,D,CHABOT,Sampdoria,3,1,,2,8,5.88,6.06,0,1,,,,0,
2334,C,LERIS,Sampdoria,2,1,,2,15,5.85,6.08,0,0,23,5.59,5.52,1,5
4921,C,ASKILDSEN,Sampdoria,2,1,,1,4,6,6.67,0,0,,,,0,
490,D,REGINI,Sampdoria,1,1,,1,5,5.88,5.88,0,0,4,6,6,0,0
4977,P,RAVAGLIA,Sampdoria,1,1,,1,,,,0,,,,,0,
2819,A,CAPUTO,Sassuolo,34,3,,5,36,6.32,8.31,6,3,38,6.08,7.14,3,3
531,A,BERARDI,Sassuolo,27,3,,5,31,6.5,7.85,7,6,35,6.1,6.77,3,5
2832,A,BOGA,Sassuolo,22,3,,5,34,6.15,7.21,2,0,25,6.15,6.56,1,0
1995,C,DJURICIC,Sassuolo,14,5,,4,29,6.15,6.7,3,6,23,5.82,6.07,1,1
827,C,LOCATELLI,Sassuolo,12,4,,4,33,6.24,6.17,4,9,29,5.94,6.21,4,7
643,A,DEFREL,Sassuolo,11,3,,3,17,5.94,6.62,3,1,36,5.97,6.94,2,2
509,P,CONSIGLI,Sassuolo,10,3,,5,31,6.11,4.42,0,1,36,6.25,4.89,0,2
1895,D,FERRARI G.,Sassuolo,8,2,,4,23,5.91,5.84,1,5,31,5.97,6.21,0,9
2857,C,TRAORE' HJ.,Sassuolo,8,3,,4,31,6.07,6.48,1,3,32,6.08,6.28,2,4
2355,D,MARLON,Sassuolo,7,1,,3,23,5.93,5.78,0,7,18,5.69,5.72,0,3
4426,D,TOLJAN,Sassuolo,7,1,,3,29,5.91,5.95,2,8,,,,0,
4979,D,AYHAN,Sassuolo,7,1,,3,,,,0,,,,,0,
2318,D,ROGERIO,Sassuolo,6,2,,2,15,6,6.07,1,6,33,5.64,5.59,1,9
2825,C,BOURABIA,Sassuolo,6,1,,3,17,5.68,5.47,1,5,32,5.82,5.77,0,7
4521,D,MULDUR,Sassuolo,6,2,,4,24,6.02,6.32,2,4,,,,0,
4530,D,KYRIAKOPOULOS,Sassuolo,6,3,,4,26,6,6,2,4,,,,0,
4894,A,HARASLIN,Sassuolo,6,3,,3,11,6.06,6.44,1,1,,,,0,
418,D,GOLDANIGA,Genoa,5,1,,4,13,5.59,5.68,0,4,29,5.57,5.6,1,6
640,D,CHIRICHES,Sassuolo,5,2,,3,9,5.61,5.61,0,0,3,6.25,6.25,0,0
4501,C,OBIANG,Sassuolo,5,2,,4,25,5.81,5.65,0,10,,,,0,
521,D,PELUSO,Sassuolo,4,2,,3,23,5.4,5.28,1,5,16,5.62,5.66,0,5
528,C,MAGNANELLI,Sassuolo,3,1,,2,22,5.94,5.79,0,5,26,5.87,5.76,0,3
824,D,ADJAPONG,Sassuolo,3,1,,2,5,5.5,5.5,0,0,5,6,6.62,0,1
4371,A,RASPADORI,Sassuolo,3,2,,1,11,6.21,7.07,0,0,0,0,0,0,0
2848,C,FRATTESI,Sassuolo,2,1,,1,,,,0,,0,0,0,0,0
510,P,PEGOLO,Sassuolo,1,1,,1,5,6.7,5.9,0,0,3,6,4.5,0,1
2137,A,SCAMACCA,Sassuolo,1,1,,1,,,,0,,0,0,0,0,0
4406,D,TRIPALDELLI,Sassuolo,1,1,,1,2,5.5,5.5,0,0,,,,0,
4867,P,TURATI,Sassuolo,1,1,,1,2,6.25,4.25,0,0,,,,0,
4992,A,GYASI,Spezia,9,1,,5,,,,0,,,,,0,
5005,P,ZOET,Spezia,6,2,,5,,,,0,,,,,0,
4982,D,ERLIC,Spezia,6,1,,4,,,,0,,,,,0,
4987,C,BARTOLOMEI,Spezia,6,1,,4,,,,0,,,,,0,
4990,C,RICCI M.,Spezia,6,1,,5,,,,0,,,,,0,
4983,D,FERRER,Spezia,5,1,,2,,,,0,,,,,0,
4988,C,MAGGIORE,Spezia,5,1,,4,,,,0,,,,,0,
517,D,DELL'ORCO,Spezia,4,1,,4,13,5.46,5.46,1,0,15,5.89,6.14,1,1
630,D,SALA,Spezia,4,1,,3,16,5.57,5.54,0,1,21,5.87,5.79,1,5
2196,A,GALABINOV,Spezia,4,3,,5,,,,0,,0,0,0,0,0
2264,C,MORA,Spezia,4,1,,3,,,,0,,,,,0,
106,D,MATTIELLO,Spezia,3,1,,4,18,6,5.97,1,3,17,5.72,5.84,1,2
454,D,CAPRADOSSI,Spezia,3,1,,2,0,0,0,0,0,,,,0,
2252,D,MARCHIZZA,Spezia,3,1,,4,,,,0,,,,,0,
4984,D,RAMOS,Spezia,3,1,,3,,,,0,,,,,0,
425,D,TERZI,Spezia,3,1,,3,,,,0,,,,,0,
4985,D,VIGNALI,Spezia,3,1,,2,,,,0,,,,,0,
5010,D,ISMAJLI,Spezia,3,1,,3,,,,0,,,,,0,
4989,C,MASTINU,Spezia,3,1,,3,,,,0,,,,,0,
4359,A,PICCOLI,Spezia,1,1,,3,1,5.5,5.5,0,0,2,5.5,5.5,0,0
4980,P,DESJARDINS,Spezia,1,1,,1,,,,0,,,,,0,
4981,P,KRAPIKAS,Spezia,1,1,,1,,,,0,,,,,0,
4986,C,ACAMPORA,Spezia,1,1,,3,,,,0,,,,,0,
441,A,BELOTTI,Torino,29,2,,5,36,6.16,7.41,3,4,37,6.19,7.28,1,5
376,C,VERDI,Torino,14,2,BERENGUER,4,33,5.89,6.2,6,4,22,5.86,6.53,3,0
475,A,IAGO FALQUE,Torino,14,2,ZAZA,3,14,5.85,6.08,0,0,26,6.22,7.08,4,1
315,A,ZAZA,Torino,13,3,FALQUE,4,24,5.87,6.54,1,7,29,5.69,6.08,3,8
2008,C,LINETTY,Torino,12,2,,5,28,5.96,6.43,3,4,32,5.97,6.17,3,11
2179,P,SIRIGU,Torino,11,4,,5,36,6.43,4.68,0,4,36,6.35,5.53,0,1
2288,D,N'KOULOU,Torino,11,2,,5,31,5.77,5.79,0,3,36,6.25,6.31,0,6
226,D,IZZO,Torino,10,2,,5,31,5.79,5.74,0,5,37,6.23,6.5,1,6
2169,D,RODRIGUEZ R.,Torino,9,2,,4,5,5.8,5.8,0,0,35,5.84,5.83,2,5
706,D,ANSALDI,Torino,8,3,,3,27,6.08,6.52,4,9,24,6.38,6.77,2,3
2205,C,BERENGUER,Torino,8,3,,3,29,6.07,6.74,2,4,31,6.09,6.43,3,4
4994,D,VOJVODA,Torino,8,2,,3,,,,0,,,,,0,
556,C,BASELLI,Torino,7,2,,3,16,5.94,5.97,2,3,34,6.07,6.38,1,5
2788,D,BREMER,Torino,7,2,,3,27,5.78,6,0,2,5,5.75,5.5,0,1
2171,D,LYANCO,Torino,6,1,,2,17,5.62,5.34,0,5,15,5.89,5.96,0,2
2789,C,MEITE',Torino,6,2,,5,33,5.64,5.59,1,5,35,6.06,6.19,3,7
238,C,RINCON,Torino,5,2,,3,32,5.87,5.85,2,11,34,6.12,6.17,0,15
4346,A,MILLICO,Torino,5,1,,2,11,5.67,5.67,0,0,1,0,0,0,0
1839,A,EDERA,Torino,4,1,,2,13,5.61,5.83,1,2,7,5.5,5.4,0,1
2009,C,LUKIC,Torino,4,2,,3,30,5.72,5.74,1,5,24,6.08,6.28,0,7
4995,C,SEGRE,Torino,3,1,,2,,,,0,,,,,0,
2869,D,DJIDJI,Torino,2,1,,5,17,5.31,5.12,0,1,17,5.97,5.91,0,2
4899,D,SINGO,Torino,2,1,,1,4,6.33,7.33,0,0,,,,0,
2790,P,ROSATI,Torino,1,1,,1,1,5.5,4.5,0,0,0,0,0,0,0
220,P,UJKANI,Torino,1,1,,1,1,6.5,3.5,0,0,,,,0,
4489,A,RAUTI,Torino,1,1,,1,0,0,0,0,0,,,,0,
1996,C,DE PAUL,Udinese,20,4,,5,34,6.29,6.96,5,5,36,6.17,6.76,7,7
90,A,LASAGNA,Udinese,17,2,,5,36,5.86,6.71,1,1,36,5.69,6.13,1,2
4324,A,OKAKA,Udinese,15,4,,4,33,6.03,6.67,2,10,16,6.29,7.5,1,4
1943,A,NESTOROVSKI,Udinese,12,2,,3,28,5.86,6.24,1,4,,,,0,
2172,C,BARAK,Verona,11,3,,4,24,5.89,6.18,1,1,8,5.4,5.4,0,0
2792,P,MUSSO,Udinese,11,4,,5,38,6.28,5.08,0,1,29,6.26,4.81,0,4
2315,D,STRYGER LARSEN,Udinese,9,4,,5,33,6.06,6.17,3,5,36,5.86,5.97,4,6
2280,D,NUYTINCK,Udinese,8,3,,5,26,6.15,6.12,0,2,27,5.87,5.76,0,4
224,D,DE MAIO,Udinese,6,2,,3,21,5.89,5.86,0,1,22,5.86,5.89,0,3
434,C,JAJALO,Udinese,6,1,,3,26,5.94,5.77,0,6,,,,0,
2392,C,WALACE,Udinese,6,1,,4,20,5.88,5.82,0,2,,,,0,
4412,D,RODRIGO BECAO,Udinese,6,2,,3,29,5.88,5.84,0,8,,,,0,
790,D,SAMIR,Udinese,5,2,,3,21,5.68,5.76,0,3,21,5.88,6.05,1,7
1933,C,MANDRAGORA,Udinese,5,2,,2,26,5.8,5.84,2,2,35,5.75,5.9,1,8
2870,D,TROOST-EKONG,Udinese,5,1,,3,30,5.78,5.69,0,5,35,5.79,5.73,0,4
4999,D,OUWEJAN,Udinese,5,4,ZEEGELAAR,4,,,,0,,,,,0,
2795,D,TER AVEST,Udinese,4,1,,3,20,5.71,5.68,0,1,13,5.92,6,1,0
4323,D,ZEEGELAAR,Udinese,4,2,,3,13,5.75,5.79,2,3,12,5.46,5.17,0,5
4998,D,MOLINA N.,Udinese,4,2,,3,,,,0,,,,,0,
5004,A,FORESTIERI,Udinese,4,1,,1,,,,0,,,,,0,
2873,A,TEODORCZYK,Udinese,3,1,,1,14,5.7,5.6,0,1,16,5.67,5.62,0,1
4917,D,PRODL,Udinese,2,1,,1,0,0,0,0,0,,,,0,
673,P,PERISAN,Udinese,1,1,,1,0,0,0,0,0,0,0,0,0,0
2271,P,NICOLAS,Udinese,1,1,,1,0,0,0,0,0,0,0,0,0,0
581,D,FARAONI,Verona,14,3,,5,36,6.1,6.51,3,6,,,,0,
236,C,LAZOVIC,Verona,13,3,,4,38,6.2,6.57,7,4,33,5.95,6.32,4,2
632,C,ZACCAGNI,Verona,12,3,,4,34,6.11,6.36,5,5,,,,0,
2211,P,SILVESTRI,Verona,11,3,,5,35,6.2,4.94,0,2,,,,0,
4500,A,DI CARMINE,Verona,11,4,,4,22,5.95,6.88,0,3,,,,0,
4495,D,KUMBULLA,Roma,10,3,,4,25,6.15,6.12,0,5,,,,0,
557,C,BENASSI,Verona,9,3,,4,18,5.84,6.09,1,1,32,5.89,6.44,0,5
2011,C,MIGUEL VELOSO,Verona,8,3,,5,34,6.06,6.32,3,6,21,5.81,5.69,1,7
2758,D,GUNTER,Verona,7,1,,5,32,5.81,5.69,0,7,14,5.67,5.62,0,1
2327,A,STEPINSKI,Verona,6,1,,3,21,5.88,6.46,1,3,35,5.63,6.1,1,5
4890,C,TAMEZE,Verona,6,3,,4,7,6.17,6.17,0,0,,,,0,
2769,D,MAGNANI,Verona,5,1,,3,10,5.67,5.92,0,3,19,6.11,6.11,1,2
4519,D,CETIN,Verona,5,1,,5,6,5.8,5.4,0,2,,,,0,
254,D,DIMARCO,Verona,4,4,,3,16,6,5.94,2,1,13,6.14,6.23,0,4
4493,D,DAWIDOWICZ,Verona,4,1,,3,15,5.9,5.9,0,2,,,,0,
4494,D,EMPEREUR,Verona,4,1,,3,13,5.95,5.82,0,3,,,,0,
4997,D,RUEGG,Verona,4,1,,2,,,,0,,,,,0,
5007,C,ILIC,Verona,4,1,,2,,,,0,,,,,0,
589,C,BADU,Verona,3,2,,3,10,5.5,5.25,0,2,4,6,6,0,0
767,A,TUPTA,Verona,2,1,,1,0,0,0,0,0,,,,0,
4420,D,BOCCHETTI,Verona,2,1,,2,5,5.9,5.7,0,2,,,,0,
2726,C,DANZI,Verona,1,1,,1,1,0,0,0,0,,,,0,
4491,P,BERARDI A,Verona,1,1,,1,0,0,0,0,0,,,,0,
4996,P,PANDUR,Verona,1,1,,1,,,,0,,,,,0,